CustomerID,Recency,Frequency,Monetary,R_Score,F_Score,M_Score,RFM_Score,Segment
CUST00001,323,14,49861.78,3,4,4,344,Loyal Customers
CUST00002,410,2,1146.92,2,1,1,211,Hibernating
CUST00003,193,7,83337.31999999999,3,3,4,334,Loyal Customers
CUST00004,377,3,14086.62,2,1,2,212,Hibernating
CUST00005,17,17,69011.61,4,4,4,444,Champions
CUST00006,8,27,86409.12,5,5,4,554,Champions
CUST00007,1,17,46589.05,5,4,3,543,Loyal Customers
CUST00008,523,1,7871.4,1,1,1,111,Lost
CUST00009,412,8,48762.62,2,3,3,233,Hibernating
CUST00010,443,10,30687.0,2,3,3,233,Hibernating
CUST00011,3,55,152202.45,5,5,5,555,Champions
CUST00012,506,2,6661.84,1,1,1,111,Lost
CUST00013,462,1,5529.54,2,1,1,211,Hibernating
CUST00014,193,8,25684.59,3,3,3,333,Loyal Customers
CUST00015,35,27,175717.45,4,5,5,455,Champions
CUST00016,1,31,132966.0,5,5,5,555,Champions
CUST00017,109,20,75044.11,4,5,4,454,Champions
CUST00018,181,6,10888.220000000001,3,2,2,322,Need Attention
CUST00019,6,8,25155.86,5,3,3,533,Loyal Customers
CUST00020,211,13,74544.43000000001,3,4,4,344,Loyal Customers
CUST00021,185,3,2926.8,3,1,1,311,Hibernating
CUST00022,17,20,283305.23,4,5,5,455,Champions
CUST00023,6,12,37849.17,5,4,3,543,Loyal Customers
CUST00024,214,14,100858.45,3,4,4,344,Loyal Customers
CUST00025,30,6,11133.46,4,2,2,422,New Customers
CUST00026,433,6,8238.22,2,2,2,222,Hibernating
CUST00027,10,17,402903.16,5,4,5,545,Champions
CUST00028,660,3,3926.35,1,1,1,111,Lost
CUST00029,381,5,7517.36,2,2,1,221,Hibernating
CUST00030,14,33,120108.88,5,5,5,555,Champions
CUST00031,695,3,6446.18,1,1,1,111,Lost
CUST00032,3,15,29954.05,5,4,3,543,Loyal Customers
CUST00033,17,25,196781.93,4,5,5,455,Champions
CUST00034,297,1,1759.49,3,1,1,311,Hibernating
CUST00035,438,1,3347.07,2,1,1,211,Hibernating
CUST00036,706,1,2453.73,1,1,1,111,Lost
CUST00037,106,14,45672.310000000005,4,4,3,443,Loyal Customers
CUST00038,20,19,73603.77,4,5,4,454,Champions
CUST00039,236,6,20558.57,3,2,2,322,Need Attention
CUST00040,207,12,35409.840000000004,3,4,3,343,Loyal Customers
CUST00041,14,25,83997.75,5,5,4,554,Champions
CUST00042,200,10,144680.13,3,3,5,335,Loyal Customers
CUST00043,2,42,505659.87,5,5,5,555,Champions
CUST00044,625,1,1408.34,1,1,1,111,Lost
CUST00045,69,10,63247.36,4,3,4,434,Loyal Customers
CUST00046,572,2,4130.29,1,1,1,111,Lost
CUST00047,42,13,131587.46,4,4,5,445,Champions
CUST00048,452,4,16947.67,2,2,2,222,Hibernating
CUST00049,428,5,37533.62,2,2,3,223,Hibernating
CUST00050,1,15,77567.99,5,4,4,544,Champions
CUST00051,449,1,781.0,2,1,1,211,Hibernating
CUST00052,389,11,306782.09,2,4,5,245,At Risk
CUST00053,527,1,91708.25,1,1,4,114,Lost
CUST00054,627,1,530.99,1,1,1,111,Lost
CUST00055,456,4,11290.5,2,2,2,222,Hibernating
CUST00056,480,1,10434.39,2,1,2,212,Hibernating
CUST00057,9,23,134534.9,5,5,5,555,Champions
CUST00058,3,17,64990.229999999996,5,4,4,544,Champions
CUST00059,6,29,91326.48,5,5,4,554,Champions
CUST00060,226,10,203749.94999999998,3,3,5,335,Loyal Customers
CUST00061,192,8,34697.48,3,3,3,333,Loyal Customers
CUST00062,317,9,28826.620000000003,3,3,3,333,Loyal Customers
CUST00063,550,3,8474.11,1,1,2,112,Lost
CUST00064,186,10,21763.97,3,3,2,332,Need Attention
CUST00065,288,11,32504.75,3,4,3,343,Loyal Customers
CUST00066,367,2,5852.59,2,1,1,211,Hibernating
CUST00067,26,25,54264.99,4,5,4,454,Champions
CUST00068,628,1,3325.43,1,1,1,111,Lost
CUST00069,2,19,87661.27,5,5,4,554,Champions
CUST00070,723,2,1731.82,1,1,1,111,Lost
CUST00071,506,3,17510.85,1,1,2,112,Lost
CUST00072,12,19,91076.44,5,5,4,554,Champions
CUST00073,6,41,143107.36,5,5,5,555,Champions
CUST00074,440,1,1540.2,2,1,1,211,Hibernating
CUST00075,391,4,15964.609999999999,2,2,2,222,Hibernating
CUST00076,511,10,20691.65,1,3,2,132,Hibernating
CUST00077,395,6,9116.97,2,2,2,222,Hibernating
CUST00078,9,27,141091.59,5,5,5,555,Champions
CUST00079,236,14,157189.54,3,4,5,345,Loyal Customers
CUST00080,10,22,112320.44,5,5,4,554,Champions
CUST00081,283,2,5639.8,3,1,1,311,Hibernating
CUST00082,284,7,13882.15,3,3,2,332,Need Attention
CUST00083,253,15,38063.270000000004,3,4,3,343,Loyal Customers
CUST00084,3,26,198532.61,5,5,5,555,Champions
CUST00085,65,6,26253.36,4,2,3,423,New Customers
CUST00086,147,14,45000.64,3,4,3,343,Loyal Customers
CUST00087,358,4,9725.949999999999,2,2,2,222,Hibernating
CUST00088,393,5,11870.94,2,2,2,222,Hibernating
CUST00089,471,1,1067.14,2,1,1,211,Hibernating
CUST00090,147,10,34080.34,3,3,3,333,Loyal Customers
CUST00091,2,18,113820.20000000001,5,5,4,554,Champions
CUST00092,190,3,109988.41,3,1,4,314,Hibernating
CUST00093,519,7,11163.09,1,3,2,132,Hibernating
CUST00094,382,8,25584.97,2,3,3,233,Hibernating
CUST00095,623,3,16444.82,1,1,2,112,Lost
CUST00096,89,10,74446.23000000001,4,3,4,434,Loyal Customers
CUST00097,472,6,23785.62,2,2,3,223,Hibernating
CUST00098,179,14,100328.52,3,4,4,344,Loyal Customers
CUST00099,1,53,219326.99,5,5,5,555,Champions
CUST00100,9,20,73816.14,5,5,4,554,Champions
CUST00101,1,63,247786.32,5,5,5,555,Champions
CUST00102,204,2,964.82,3,1,1,311,Hibernating
CUST00103,164,17,286617.95,3,4,5,345,Loyal Customers
CUST00104,422,4,36975.65,2,2,3,223,Hibernating
CUST00105,682,4,7568.12,1,2,1,121,Lost
CUST00106,165,8,73298.08,3,3,4,334,Loyal Customers
CUST00107,132,7,11147.83,4,3,2,432,Need Attention
CUST00108,425,4,54656.479999999996,2,2,4,224,Hibernating
CUST00109,87,9,141545.87,4,3,5,435,Loyal Customers
CUST00110,19,25,99879.45,4,5,4,454,Champions
CUST00111,46,14,67273.4,4,4,4,444,Champions
CUST00112,6,31,84867.93000000001,5,5,4,554,Champions
CUST00113,376,5,108617.04999999999,2,2,4,224,Hibernating
CUST00114,352,1,16280.76,3,1,2,312,Hibernating
CUST00115,461,10,44112.49,2,3,3,233,Hibernating
CUST00116,540,2,5576.35,1,1,1,111,Lost
CUST00117,347,1,2832.27,3,1,1,311,Hibernating
CUST00118,5,17,137597.53,5,4,5,545,Champions
CUST00119,649,1,530.38,1,1,1,111,Lost
CUST00120,375,6,17480.75,2,2,2,222,Hibernating
CUST00121,584,2,48959.36,1,1,4,114,Lost
CUST00122,520,1,4628.7,1,1,1,111,Lost
CUST00123,325,7,35887.049999999996,3,3,3,333,Loyal Customers
CUST00124,5,26,135775.94,5,5,5,555,Champions
CUST00125,16,8,25843.46,4,3,3,433,Loyal Customers
CUST00126,6,8,58649.35,5,3,4,534,Loyal Customers
CUST00127,595,2,5138.29,1,1,1,111,Lost
CUST00128,669,2,11061.429999999998,1,1,2,112,Lost
CUST00129,1,60,530490.5700000001,5,5,5,555,Champions
CUST00130,415,2,4001.88,2,1,1,211,Hibernating
CUST00131,172,10,14450.15,3,3,2,332,Need Attention
CUST00132,81,8,32228.68,4,3,3,433,Loyal Customers
CUST00133,18,25,121866.54,4,5,5,455,Champions
CUST00134,22,19,88750.09999999999,4,5,4,454,Champions
CUST00135,385,4,20769.01,2,2,2,222,Hibernating
CUST00136,222,15,38172.729999999996,3,4,3,343,Loyal Customers
CUST00137,485,4,12001.49,1,2,2,122,Lost
CUST00138,219,7,77856.4,3,3,4,334,Loyal Customers
CUST00139,2,10,31765.69,5,3,3,533,Loyal Customers
CUST00140,263,3,10430.17,3,1,2,312,Hibernating
CUST00141,193,2,3281.94,3,1,1,311,Hibernating
CUST00142,45,10,21244.76,4,3,2,432,Need Attention
CUST00143,36,15,92979.85,4,4,4,444,Champions
CUST00144,120,11,53901.51,4,4,4,444,Champions
CUST00145,142,18,29641.83,3,5,3,353,Loyal Customers
CUST00146,15,55,182602.63,4,5,5,455,Champions
CUST00147,349,8,138940.09,3,3,5,335,Loyal Customers
CUST00148,446,6,24445.420000000002,2,2,3,223,Hibernating
CUST00149,5,17,74639.1,5,4,4,544,Champions
CUST00150,58,10,32834.56,4,3,3,433,Loyal Customers
CUST00151,537,2,1240.73,1,1,1,111,Lost
CUST00152,11,9,16115.69,5,3,2,532,Need Attention
CUST00153,15,23,440265.75,4,5,5,455,Champions
CUST00154,8,11,24600.71,5,4,3,543,Loyal Customers
CUST00155,678,3,5777.13,1,1,1,111,Lost
CUST00156,149,9,24625.22,3,3,3,333,Loyal Customers
CUST00157,266,4,83320.69,3,2,4,324,Need Attention
CUST00158,626,5,71725.95,1,2,4,124,Lost
CUST00159,55,9,33464.229999999996,4,3,3,433,Loyal Customers
CUST00160,531,6,7778.77,1,2,1,121,Lost
CUST00161,32,12,170020.33,4,4,5,445,Champions
CUST00162,497,4,48233.11,1,2,3,123,Lost
CUST00163,271,10,12947.49,3,3,2,332,Need Attention
CUST00164,395,5,88333.13,2,2,4,224,Hibernating
CUST00165,10,18,33128.66,5,5,3,553,Loyal Customers
CUST00166,374,1,151.23,2,1,1,211,Hibernating
CUST00167,34,9,18336.79,4,3,2,432,Need Attention
CUST00168,3,20,108501.15,5,5,4,554,Champions
CUST00169,4,66,279350.35,5,5,5,555,Champions
CUST00170,368,5,113323.83000000002,2,2,4,224,Hibernating
CUST00171,210,9,229794.38,3,3,5,335,Loyal Customers
CUST00172,1,46,162846.1,5,5,5,555,Champions
CUST00173,365,4,173214.63999999998,2,2,5,225,Hibernating
CUST00174,82,12,59393.18,4,4,4,444,Champions
CUST00175,400,4,11418.04,2,2,2,222,Hibernating
CUST00176,12,18,101447.39000000001,5,5,4,554,Champions
CUST00177,422,3,7983.290000000001,2,1,1,211,Hibernating
CUST00178,297,8,16850.4,3,3,2,332,Need Attention
CUST00179,530,4,13100.26,1,2,2,122,Lost
CUST00180,9,17,80845.48,5,4,4,544,Champions
CUST00181,223,9,35898.700000000004,3,3,3,333,Loyal Customers
CUST00182,6,26,122609.45999999999,5,5,5,555,Champions
CUST00183,556,2,18407.75,1,1,2,112,Lost
CUST00184,442,3,14331.58,2,1,2,212,Hibernating
CUST00185,49,11,21065.15,4,4,2,442,Need Attention
CUST00186,228,9,93081.22,3,3,4,334,Loyal Customers
CUST00187,581,1,4808.1,1,1,1,111,Lost
CUST00188,566,3,3026.2200000000003,1,1,1,111,Lost
CUST00189,523,5,106039.61,1,2,4,124,Lost
CUST00190,24,5,99748.65,4,2,4,424,New Customers
CUST00191,1,25,311623.72,5,5,5,555,Champions
CUST00192,685,2,6388.6,1,1,1,111,Lost
CUST00193,512,4,9050.33,1,2,2,122,Lost
CUST00194,348,9,32180.680000000004,3,3,3,333,Loyal Customers
CUST00195,15,7,10002.55,4,3,2,432,Need Attention
CUST00196,133,10,78361.5,4,3,4,434,Loyal Customers
CUST00197,342,6,35878.21,3,2,3,323,Need Attention
CUST00198,722,2,70818.46,1,1,4,114,Lost
CUST00199,482,1,1611.26,2,1,1,211,Hibernating
CUST00200,256,3,5808.0599999999995,3,1,1,311,Hibernating
CUST00201,379,3,15188.480000000001,2,1,2,212,Hibernating
CUST00202,28,21,136573.63999999998,4,5,5,455,Champions
CUST00203,14,13,162094.37,5,4,5,545,Champions
CUST00204,696,1,2217.65,1,1,1,111,Lost
CUST00205,262,7,31508.510000000002,3,3,3,333,Loyal Customers
CUST00206,10,50,321017.26,5,5,5,555,Champions
CUST00207,15,24,321635.46,4,5,5,455,Champions
CUST00208,375,5,15035.83,2,2,2,222,Hibernating
CUST00209,15,50,374711.57,4,5,5,455,Champions
CUST00210,2,31,676971.4,5,5,5,555,Champions
CUST00211,431,6,9466.1,2,2,2,222,Hibernating
CUST00212,347,4,38486.35,3,2,3,323,Need Attention
CUST00213,450,6,21967.769999999997,2,2,2,222,Hibernating
CUST00214,88,14,113727.90000000001,4,4,4,444,Champions
CUST00215,473,3,15101.06,2,1,2,212,Hibernating
CUST00216,27,15,65665.64,4,4,4,444,Champions
CUST00217,8,13,32398.480000000003,5,4,3,543,Loyal Customers
CUST00218,257,7,229835.26,3,3,5,335,Loyal Customers
CUST00219,631,3,113799.04000000001,1,1,4,114,Lost
CUST00220,553,2,970.52,1,1,1,111,Lost
CUST00221,387,5,14564.09,2,2,2,222,Hibernating
CUST00222,488,5,6331.4,1,2,1,121,Lost
CUST00223,14,33,255814.44999999998,5,5,5,555,Champions
CUST00224,121,5,65865.95,4,2,4,424,New Customers
CUST00225,469,14,35495.77,2,4,3,243,Churned Best Customers
CUST00226,120,9,116877.28,4,3,4,434,Loyal Customers
CUST00227,399,2,4494.52,2,1,1,211,Hibernating
CUST00228,142,8,199444.12999999998,3,3,5,335,Loyal Customers
CUST00229,672,2,4609.93,1,1,1,111,Lost
CUST00230,505,9,49769.63,1,3,4,134,Hibernating
CUST00231,258,5,12208.59,3,2,2,322,Need Attention
CUST00232,282,4,15306.31,3,2,2,322,Need Attention
CUST00233,420,3,14825.720000000001,2,1,2,212,Hibernating
CUST00234,18,9,47031.47,4,3,3,433,Loyal Customers
CUST00235,9,25,230048.99,5,5,5,555,Champions
CUST00236,211,9,34560.76,3,3,3,333,Loyal Customers
CUST00237,180,12,117440.29000000001,3,4,4,344,Loyal Customers
CUST00238,14,42,246647.31,5,5,5,555,Champions
CUST00239,427,11,44883.97,2,4,3,243,Churned Best Customers
CUST00240,2,31,190683.49,5,5,5,555,Champions
CUST00241,485,1,525.63,1,1,1,111,Lost
CUST00242,707,2,9593.57,1,1,2,112,Lost
CUST00243,214,3,5805.51,3,1,1,311,Hibernating
CUST00244,111,14,25365.12,4,4,3,443,Loyal Customers
CUST00245,2,35,158098.26,5,5,5,555,Champions
CUST00246,563,3,11749.28,1,1,2,112,Lost
CUST00247,129,7,10334.76,4,3,2,432,Need Attention
CUST00248,411,1,3116.74,2,1,1,211,Hibernating
CUST00249,212,2,8254.33,3,1,2,312,Hibernating
CUST00250,234,4,8118.89,3,2,2,322,Need Attention
CUST00251,33,17,66193.18,4,4,4,444,Champions
CUST00252,240,12,51044.02,3,4,4,344,Loyal Customers
CUST00253,447,1,771.19,2,1,1,211,Hibernating
CUST00254,108,7,26730.059999999998,4,3,3,433,Loyal Customers
CUST00255,1,31,247048.49,5,5,5,555,Champions
CUST00256,427,7,26930.129999999997,2,3,3,233,Hibernating
CUST00257,449,2,3730.43,2,1,1,211,Hibernating
CUST00258,518,3,5679.12,1,1,1,111,Lost
CUST00259,401,6,26278.129999999997,2,2,3,223,Hibernating
CUST00260,24,18,73572.01,4,5,4,454,Champions
CUST00261,193,2,4555.39,3,1,1,311,Hibernating
CUST00262,409,4,9182.26,2,2,2,222,Hibernating
CUST00263,6,17,152597.80000000002,5,4,5,545,Champions
CUST00264,365,3,13699.99,2,1,2,212,Hibernating
CUST00265,661,4,122395.87999999999,1,2,5,125,Lost
CUST00266,324,8,85019.61,3,3,4,334,Loyal Customers
CUST00267,540,3,7945.860000000001,1,1,1,111,Lost
CUST00268,255,6,13743.53,3,2,2,322,Need Attention
CUST00269,13,17,263928.0,5,4,5,545,Champions
CUST00270,18,15,71853.23,4,4,4,444,Champions
CUST00271,706,2,3431.27,1,1,1,111,Lost
CUST00272,323,2,5625.31,3,1,1,311,Hibernating
CUST00273,647,1,1035.24,1,1,1,111,Lost
CUST00274,577,2,4489.11,1,1,1,111,Lost
CUST00275,357,2,6522.7300000000005,2,1,1,211,Hibernating
CUST00276,183,5,10716.619999999999,3,2,2,322,Need Attention
CUST00277,416,8,15527.650000000001,2,3,2,232,Hibernating
CUST00278,525,5,31755.510000000002,1,2,3,123,Lost
CUST00279,435,8,24314.58,2,3,3,233,Hibernating
CUST00280,320,11,25595.67,3,4,3,343,Loyal Customers
CUST00281,658,2,2823.33,1,1,1,111,Lost
CUST00282,66,10,29002.039999999997,4,3,3,433,Loyal Customers
CUST00283,183,12,37004.19,3,4,3,343,Loyal Customers
CUST00284,19,18,258331.74000000002,4,5,5,455,Champions
CUST00285,413,6,15142.21,2,2,2,222,Hibernating
CUST00286,5,52,369321.43,5,5,5,555,Champions
CUST00287,5,9,45942.32,5,3,3,533,Loyal Customers
CUST00288,343,7,46372.17,3,3,3,333,Loyal Customers
CUST00289,83,10,10445.67,4,3,2,432,Need Attention
CUST00290,535,8,13890.99,1,3,2,132,Hibernating
CUST00291,6,49,236222.2,5,5,5,555,Champions
CUST00292,1,55,297529.33,5,5,5,555,Champions
CUST00293,621,2,3603.81,1,1,1,111,Lost
CUST00294,77,7,43540.02,4,3,3,433,Loyal Customers
CUST00295,3,28,103329.53,5,5,4,554,Champions
CUST00296,258,4,37678.84,3,2,3,323,Need Attention
CUST00297,356,2,6470.4,2,1,1,211,Hibernating
CUST00298,171,22,70722.39,3,5,4,354,Loyal Customers
CUST00299,258,9,66399.05,3,3,4,334,Loyal Customers
CUST00300,3,27,378929.31,5,5,5,555,Champions
CUST00301,3,22,399159.41,5,5,5,555,Champions
CUST00302,248,4,11017.1,3,2,2,322,Need Attention
CUST00303,484,12,39471.6,1,4,3,143,Churned Best Customers
CUST00304,354,2,2610.7599999999998,3,1,1,311,Hibernating
CUST00305,396,2,4533.87,2,1,1,211,Hibernating
CUST00306,541,2,1899.3200000000002,1,1,1,111,Lost
CUST00307,442,3,6940.860000000001,2,1,1,211,Hibernating
CUST00308,165,13,52013.3,3,4,4,344,Loyal Customers
CUST00309,318,6,27534.47,3,2,3,323,Need Attention
CUST00310,242,9,62727.46,3,3,4,334,Loyal Customers
CUST00311,29,5,9049.32,4,2,2,422,New Customers
CUST00312,1,32,374984.49,5,5,5,555,Champions
CUST00313,1,55,231624.88,5,5,5,555,Champions
CUST00314,583,2,16524.58,1,1,2,112,Lost
CUST00315,499,2,10019.92,1,1,2,112,Lost
CUST00316,311,4,14749.16,3,2,2,322,Need Attention
CUST00317,17,10,15142.7,4,3,2,432,Need Attention
CUST00318,2,22,261218.88999999998,5,5,5,555,Champions
CUST00319,5,23,66310.20999999999,5,5,4,554,Champions
CUST00320,100,18,243079.58000000002,4,5,5,455,Champions
CUST00321,271,4,13279.25,3,2,2,322,Need Attention
CUST00322,383,8,15192.32,2,3,2,232,Hibernating
CUST00323,436,4,13112.08,2,2,2,222,Hibernating
CUST00324,83,13,22605.68,4,4,2,442,Need Attention
CUST00325,670,1,515.56,1,1,1,111,Lost
CUST00326,206,6,11105.61,3,2,2,322,Need Attention
CUST00327,214,3,22275.809999999998,3,1,2,312,Hibernating
CUST00328,486,9,19727.489999999998,1,3,2,132,Hibernating
CUST00329,10,7,64560.25,5,3,4,534,Loyal Customers
CUST00330,29,12,17063.83,4,4,2,442,Need Attention
CUST00331,189,5,83644.31,3,2,4,324,Need Attention
CUST00332,412,5,9112.71,2,2,2,222,Hibernating
CUST00333,7,35,153661.82,5,5,5,555,Champions
CUST00334,3,14,35566.83,5,4,3,543,Loyal Customers
CUST00335,26,29,150992.66,4,5,5,455,Champions
CUST00336,1,43,271677.02999999997,5,5,5,555,Champions
CUST00337,351,1,746.58,3,1,1,311,Hibernating
CUST00338,418,6,17029.989999999998,2,2,2,222,Hibernating
CUST00339,137,8,132892.45,3,3,5,335,Loyal Customers
CUST00340,22,25,138382.34,4,5,5,455,Champions
CUST00341,87,6,12843.32,4,2,2,422,New Customers
CUST00342,55,11,58839.17,4,4,4,444,Champions
CUST00343,3,26,58496.36,5,5,4,554,Champions
CUST00344,195,5,18259.7,3,2,2,322,Need Attention
CUST00345,94,11,19834.45,4,4,2,442,Need Attention
CUST00346,433,3,5103.27,2,1,1,211,Hibernating
CUST00347,292,8,74329.22,3,3,4,334,Loyal Customers
CUST00348,6,51,258509.78,5,5,5,555,Champions
CUST00349,184,4,8654.22,3,2,2,322,Need Attention
CUST00350,480,10,25864.440000000002,2,3,3,233,Hibernating
CUST00351,236,6,25216.489999999998,3,2,3,323,Need Attention
CUST00352,427,1,1218.94,2,1,1,211,Hibernating
CUST00353,496,4,8332.86,1,2,2,122,Lost
CUST00354,4,23,122087.22,5,5,5,555,Champions
CUST00355,1,32,309682.29000000004,5,5,5,555,Champions
CUST00356,330,2,1813.57,3,1,1,311,Hibernating
CUST00357,9,64,528470.97,5,5,5,555,Champions
CUST00358,555,13,70035.25,1,4,4,144,At Risk
CUST00359,686,2,9680.869999999999,1,1,2,112,Lost
CUST00360,353,4,3965.6,3,2,1,321,Hibernating
CUST00361,57,15,112334.66,4,4,4,444,Champions
CUST00362,250,2,9824.92,3,1,2,312,Hibernating
CUST00363,172,13,441860.74,3,4,5,345,Loyal Customers
CUST00364,295,5,126911.24,3,2,5,325,Need Attention
CUST00365,649,3,10932.99,1,1,2,112,Lost
CUST00366,334,10,11129.46,3,3,2,332,Need Attention
CUST00367,522,3,90275.00000000001,1,1,4,114,Lost
CUST00368,626,2,6612.9,1,1,1,111,Lost
CUST00369,5,28,81337.14,5,5,4,554,Champions
CUST00370,13,17,92080.12,5,4,4,544,Champions
CUST00371,9,14,216492.18,5,4,5,545,Champions
CUST00372,1,48,259574.77000000002,5,5,5,555,Champions
CUST00373,37,13,53430.93,4,4,4,444,Champions
CUST00374,391,4,12925.300000000001,2,2,2,222,Hibernating
CUST00375,3,17,91469.89,5,4,4,544,Champions
CUST00376,65,10,122800.91,4,3,5,435,Loyal Customers
CUST00377,645,3,1724.94,1,1,1,111,Lost
CUST00378,3,44,191239.92,5,5,5,555,Champions
CUST00379,595,1,1366.72,1,1,1,111,Lost
CUST00380,4,18,48463.98,5,5,3,553,Loyal Customers
CUST00381,7,20,66530.41,5,5,4,554,Champions
CUST00382,637,3,17555.07,1,1,2,112,Lost
CUST00383,371,4,68581.08,2,2,4,224,Hibernating
CUST00384,622,1,30154.35,1,1,3,113,Lost
CUST00385,620,4,7076.15,1,2,1,121,Lost
CUST00386,474,1,474.19,2,1,1,211,Hibernating
CUST00387,91,12,71259.08,4,4,4,444,Champions
CUST00388,9,19,131068.31999999999,5,5,5,555,Champions
CUST00389,614,7,71724.64,1,3,4,134,Hibernating
CUST00390,213,1,1784.97,3,1,1,311,Hibernating
CUST00391,404,2,7585.55,2,1,1,211,Hibernating
CUST00392,213,8,133062.5,3,3,5,335,Loyal Customers
CUST00393,42,7,32974.8,4,3,3,433,Loyal Customers
CUST00394,356,4,74934.5,2,2,4,224,Hibernating
CUST00395,23,6,150547.95,4,2,5,425,New Customers
CUST00396,437,1,265.5,2,1,1,211,Hibernating
CUST00397,479,1,849.86,2,1,1,211,Hibernating
CUST00398,6,18,133575.06,5,5,5,555,Champions
CUST00399,592,4,13801.92,1,2,2,122,Lost
CUST00400,326,5,51302.630000000005,3,2,4,324,Need Attention
CUST00401,6,14,29873.84,5,4,3,543,Loyal Customers
CUST00402,578,1,4677.2,1,1,1,111,Lost
CUST00403,655,3,2688.7,1,1,1,111,Lost
CUST00404,411,1,4796.16,2,1,1,211,Hibernating
CUST00405,40,15,57426.37,4,4,4,444,Champions
CUST00406,567,1,928.91,1,1,1,111,Lost
CUST00407,115,15,56314.7,4,4,4,444,Champions
CUST00408,2,60,397120.8,5,5,5,555,Champions
CUST00409,460,1,1170.77,2,1,1,211,Hibernating
CUST00410,3,12,38122.46,5,4,3,543,Loyal Customers
CUST00411,3,13,163458.29,5,4,5,545,Champions
CUST00412,695,1,1507.97,1,1,1,111,Lost
CUST00413,560,3,7146.25,1,1,1,111,Lost
CUST00414,599,4,11901.26,1,2,2,122,Lost
CUST00415,653,3,24197.620000000003,1,1,3,113,Lost
CUST00416,38,14,64079.94,4,4,4,444,Champions
CUST00417,12,14,43860.21,5,4,3,543,Loyal Customers
CUST00418,77,17,103372.02,4,4,4,444,Champions
CUST00419,593,2,1314.87,1,1,1,111,Lost
CUST00420,427,6,48272.16,2,2,3,223,Hibernating
CUST00421,422,6,9682.060000000001,2,2,2,222,Hibernating
CUST00422,435,3,2365.23,2,1,1,211,Hibernating
CUST00423,10,31,131408.24,5,5,5,555,Champions
CUST00424,22,11,40798.01,4,4,3,443,Loyal Customers
CUST00425,10,19,36394.96,5,5,3,553,Loyal Customers
CUST00426,367,4,226371.24,2,2,5,225,Hibernating
CUST00427,25,10,51005.81,4,3,4,434,Loyal Customers
CUST00428,620,1,627.61,1,1,1,111,Lost
CUST00429,261,13,84786.54,3,4,4,344,Loyal Customers
CUST00430,5,23,163169.2,5,5,5,555,Champions
CUST00431,16,14,45613.07,4,4,3,443,Loyal Customers
CUST00432,279,8,47430.94,3,3,3,333,Loyal Customers
CUST00433,461,8,36472.57,2,3,3,233,Hibernating
CUST00434,1,33,335962.58999999997,5,5,5,555,Champions
CUST00435,1,23,58309.11,5,5,4,554,Champions
CUST00436,391,5,12523.16,2,2,2,222,Hibernating
CUST00437,4,27,184245.74,5,5,5,555,Champions
CUST00438,402,5,7965.13,2,2,1,221,Hibernating
CUST00439,338,2,1025.69,3,1,1,311,Hibernating
CUST00440,12,29,170410.98,5,5,5,555,Champions
CUST00441,7,19,109938.16,5,5,4,554,Champions
CUST00442,208,4,6942.71,3,2,1,321,Hibernating
CUST00443,144,16,41747.81,3,4,3,343,Loyal Customers
CUST00444,7,13,41519.87,5,4,3,543,Loyal Customers
CUST00445,481,2,21188.71,2,1,2,212,Hibernating
CUST00446,534,1,698.36,1,1,1,111,Lost
CUST00447,529,2,5081.76,1,1,1,111,Lost
CUST00448,395,6,97666.01000000001,2,2,4,224,Hibernating
CUST00449,40,8,25176.030000000002,4,3,3,433,Loyal Customers
CUST00450,2,12,196852.7,5,4,5,545,Champions
CUST00451,371,4,7263.129999999999,2,2,1,221,Hibernating
CUST00452,248,6,153533.74,3,2,5,325,Need Attention
CUST00453,183,11,215286.13,3,4,5,345,Loyal Customers
CUST00454,480,1,339.86,2,1,1,211,Hibernating
CUST00455,5,26,181808.01,5,5,5,555,Champions
CUST00456,299,8,50247.71,3,3,4,334,Loyal Customers
CUST00457,10,25,64644.78,5,5,4,554,Champions
CUST00458,172,10,108610.27,3,3,4,334,Loyal Customers
CUST00459,2,25,78433.43,5,5,4,554,Champions
CUST00460,7,20,175218.66,5,5,5,555,Champions
CUST00461,19,20,96209.75,4,5,4,454,Champions
CUST00462,447,3,3732.48,2,1,1,211,Hibernating
CUST00463,412,2,1601.0700000000002,2,1,1,211,Hibernating
CUST00464,713,3,4598.53,1,1,1,111,Lost
CUST00465,619,1,351.02,1,1,1,111,Lost
CUST00466,27,11,24838.460000000003,4,4,3,443,Loyal Customers
CUST00467,86,6,49211.62,4,2,4,424,New Customers
CUST00468,444,1,1510.04,2,1,1,211,Hibernating
CUST00469,5,14,138525.24,5,4,5,545,Champions
CUST00470,544,4,14733.9,1,2,2,122,Lost
CUST00471,6,50,479325.48,5,5,5,555,Champions
CUST00472,636,4,9843.24,1,2,2,122,Lost
CUST00473,5,36,202287.36,5,5,5,555,Champions
CUST00474,641,4,17074.75,1,2,2,122,Lost
CUST00475,390,6,12743.380000000001,2,2,2,222,Hibernating
CUST00476,593,1,4865.26,1,1,1,111,Lost
CUST00477,9,20,139679.4,5,5,5,555,Champions
CUST00478,455,3,4452.46,2,1,1,211,Hibernating
CUST00479,478,1,313.41,2,1,1,211,Hibernating
CUST00480,491,3,6135.76,1,1,1,111,Lost
CUST00481,403,5,21474.18,2,2,2,222,Hibernating
CUST00482,419,5,43815.299999999996,2,2,3,223,Hibernating
CUST00483,319,16,49549.2,3,4,4,344,Loyal Customers
CUST00484,508,7,10346.779999999999,1,3,2,132,Hibernating
CUST00485,265,8,16411.62,3,3,2,332,Need Attention
CUST00486,431,1,3268.15,2,1,1,211,Hibernating
CUST00487,1,43,333302.69,5,5,5,555,Champions
CUST00488,124,8,36834.159999999996,4,3,3,433,Loyal Customers
CUST00489,538,2,31609.5,1,1,3,113,Lost
CUST00490,714,4,10446.02,1,2,2,122,Lost
CUST00491,96,12,26632.29,4,4,3,443,Loyal Customers
CUST00492,371,7,173314.66,2,3,5,235,Hibernating
CUST00493,23,14,113521.78,4,4,4,444,Champions
CUST00494,1,16,52150.45,5,4,4,544,Champions
CUST00495,40,7,10652.52,4,3,2,432,Need Attention
CUST00496,317,11,69277.25,3,4,4,344,Loyal Customers
CUST00497,414,5,20892.55,2,2,2,222,Hibernating
CUST00498,10,28,134197.7,5,5,5,555,Champions
CUST00499,674,3,8066.45,1,1,2,112,Lost
CUST00500,595,2,228749.53999999998,1,1,5,115,Lost
CUST00501,367,5,14893.98,2,2,2,222,Hibernating
CUST00502,372,5,13290.08,2,2,2,222,Hibernating
CUST00503,62,10,45946.12,4,3,3,433,Loyal Customers
CUST00504,372,2,8243.24,2,1,2,212,Hibernating
CUST00505,633,5,15482.669999999998,1,2,2,122,Lost
CUST00506,2,27,137742.75,5,5,5,555,Champions
CUST00507,204,2,1933.5099999999998,3,1,1,311,Hibernating
CUST00508,700,1,15712.3,1,1,2,112,Lost
CUST00509,700,1,2195.22,1,1,1,111,Lost
CUST00510,513,7,62745.06,1,3,4,134,Hibernating
CUST00511,278,5,37640.770000000004,3,2,3,323,Need Attention
CUST00512,154,12,40268.03,3,4,3,343,Loyal Customers
CUST00513,473,3,3988.6499999999996,2,1,1,211,Hibernating
CUST00514,398,5,9433.45,2,2,2,222,Hibernating
CUST00515,1,42,129014.93,5,5,5,555,Champions
CUST00516,6,40,99063.55,5,5,4,554,Champions
CUST00517,278,14,121968.46,3,4,5,345,Loyal Customers
CUST00518,556,2,2036.17,1,1,1,111,Lost
CUST00519,649,1,6991.9,1,1,1,111,Lost
CUST00520,4,19,153116.16999999998,5,5,5,555,Champions
CUST00521,213,5,3245.1,3,2,1,321,Hibernating
CUST00522,41,13,144563.49,4,4,5,445,Champions
CUST00523,453,5,15017.48,2,2,2,222,Hibernating
CUST00524,638,3,20291.9,1,1,2,112,Lost
CUST00525,639,1,4862.78,1,1,1,111,Lost
CUST00526,93,7,10443.2,4,3,2,432,Need Attention
CUST00527,29,10,30626.34,4,3,3,433,Loyal Customers
CUST00528,41,18,101174.17,4,5,4,454,Champions
CUST00529,2,38,196279.52,5,5,5,555,Champions
CUST00530,218,4,6843.639999999999,3,2,1,321,Hibernating
CUST00531,541,3,9445.21,1,1,2,112,Lost
CUST00532,585,1,6983.11,1,1,1,111,Lost
CUST00533,555,2,12131.29,1,1,2,112,Lost
CUST00534,563,8,18278.07,1,3,2,132,Hibernating
CUST00535,605,4,16779.38,1,2,2,122,Lost
CUST00536,321,1,1429.34,3,1,1,311,Hibernating
CUST00537,559,2,8815.53,1,1,2,112,Lost
CUST00538,210,16,613219.91,3,4,5,345,Loyal Customers
CUST00539,17,8,23782.74,4,3,3,433,Loyal Customers
CUST00540,19,18,228911.49,4,5,5,455,Champions
CUST00541,715,5,147668.19,1,2,5,125,Lost
CUST00542,275,4,7313.48,3,2,1,321,Hibernating
CUST00543,30,18,81407.84999999999,4,5,4,454,Champions
CUST00544,634,5,15079.140000000001,1,2,2,122,Lost
CUST00545,545,5,14976.39,1,2,2,122,Lost
CUST00546,29,11,20219.99,4,4,2,442,Need Attention
CUST00547,15,29,233552.29,4,5,5,455,Champions
CUST00548,277,4,12374.85,3,2,2,322,Need Attention
CUST00549,200,3,102884.79,3,1,4,314,Hibernating
CUST00550,427,5,14018.89,2,2,2,222,Hibernating
CUST00551,424,2,18166.73,2,1,2,212,Hibernating
CUST00552,668,4,18233.61,1,2,2,122,Lost
CUST00553,383,9,118070.48,2,3,5,235,Hibernating
CUST00554,501,4,5852.39,1,2,1,121,Lost
CUST00555,238,2,5579.88,3,1,1,311,Hibernating
CUST00556,212,4,45214.75,3,2,3,323,Need Attention
CUST00557,5,23,355909.64,5,5,5,555,Champions
CUST00558,4,60,213115.2,5,5,5,555,Champions
CUST00559,191,4,4484.87,3,2,1,321,Hibernating
CUST00560,276,6,22975.15,3,2,2,322,Need Attention
CUST00561,366,5,13250.949999999999,2,2,2,222,Hibernating
CUST00562,227,11,40279.59,3,4,3,343,Loyal Customers
CUST00563,19,13,175321.35,4,4,5,445,Champions
CUST00564,2,47,178436.24,5,5,5,555,Champions
CUST00565,180,7,26323.47,3,3,3,333,Loyal Customers
CUST00566,650,10,20411.98,1,3,2,132,Hibernating
CUST00567,58,20,212846.90999999997,4,5,5,455,Champions
CUST00568,79,8,28442.69,4,3,3,433,Loyal Customers
CUST00569,500,1,3391.52,1,1,1,111,Lost
CUST00570,299,10,36724.05,3,3,3,333,Loyal Customers
CUST00571,385,3,70796.84999999999,2,1,4,214,Hibernating
CUST00572,304,6,10725.32,3,2,2,322,Need Attention
CUST00573,36,9,169103.54,4,3,5,435,Loyal Customers
CUST00574,465,4,6765.16,2,2,1,221,Hibernating
CUST00575,614,4,7688.39,1,2,1,121,Lost
CUST00576,508,2,3652.08,1,1,1,111,Lost
CUST00577,1,28,122088.74,5,5,5,555,Champions
CUST00578,508,1,2146.02,1,1,1,111,Lost
CUST00579,41,12,21035.52,4,4,2,442,Need Attention
CUST00580,35,16,63864.5,4,4,4,444,Champions
CUST00581,345,7,33412.68,3,3,3,333,Loyal Customers
CUST00582,568,3,9699.75,1,1,2,112,Lost
CUST00583,97,9,117447.74,4,3,4,434,Loyal Customers
CUST00584,25,8,27187.690000000002,4,3,3,433,Loyal Customers
CUST00585,215,5,15656.37,3,2,2,322,Need Attention
CUST00586,228,11,29661.97,3,4,3,343,Loyal Customers
CUST00587,4,18,73389.45999999999,5,5,4,554,Champions
CUST00588,7,35,551157.23,5,5,5,555,Champions
CUST00589,9,23,84402.07,5,5,4,554,Champions
CUST00590,23,17,81392.12,4,4,4,444,Champions
CUST00591,2,19,98767.66,5,5,4,554,Champions
CUST00592,251,6,10180.73,3,2,2,322,Need Attention
CUST00593,5,27,178511.43,5,5,5,555,Champions
CUST00594,2,11,29782.03,5,4,3,543,Loyal Customers
CUST00595,689,1,2624.09,1,1,1,111,Lost
CUST00596,17,10,33977.18,4,3,3,433,Loyal Customers
CUST00597,481,10,217213.29,2,3,5,235,Hibernating
CUST00598,4,16,254603.41999999998,5,4,5,545,Champions
CUST00599,13,22,152008.02,5,5,5,555,Champions
CUST00600,9,26,201733.93000000002,5,5,5,555,Champions
CUST00601,20,24,71281.1,4,5,4,454,Champions
CUST00602,168,13,43006.86,3,4,3,343,Loyal Customers
CUST00603,37,18,49899.659999999996,4,5,4,454,Champions
CUST00604,10,22,130154.23999999999,5,5,5,555,Champions
CUST00605,12,29,193955.58,5,5,5,555,Champions
CUST00606,66,12,69636.69,4,4,4,444,Champions
CUST00607,39,12,19906.15,4,4,2,442,Need Attention
CUST00608,463,8,31146.190000000002,2,3,3,233,Hibernating
CUST00609,372,5,17859.35,2,2,2,222,Hibernating
CUST00610,457,5,26302.600000000002,2,2,3,223,Hibernating
CUST00611,2,50,674959.16,5,5,5,555,Champions
CUST00612,523,6,63319.82,1,2,4,124,Lost
CUST00613,404,4,14864.130000000001,2,2,2,222,Hibernating
CUST00614,1,31,141112.27,5,5,5,555,Champions
CUST00615,714,4,8441.03,1,2,2,122,Lost
CUST00616,663,1,4197.67,1,1,1,111,Lost
CUST00617,11,21,245748.41999999998,5,5,5,555,Champions
CUST00618,214,7,13205.720000000001,3,3,2,332,Need Attention
CUST00619,197,3,23829.180000000004,3,1,3,313,Hibernating
CUST00620,406,4,16171.7,2,2,2,222,Hibernating
CUST00621,2,26,102366.29000000001,5,5,4,554,Champions
CUST00622,6,15,63606.12,5,4,4,544,Champions
CUST00623,66,11,32720.79,4,4,3,443,Loyal Customers
CUST00624,58,16,358085.99,4,4,5,445,Champions
CUST00625,549,5,12167.57,1,2,2,122,Lost
CUST00626,17,9,34630.0,4,3,3,433,Loyal Customers
CUST00627,2,13,38478.73,5,4,3,543,Loyal Customers
CUST00628,432,2,2244.3,2,1,1,211,Hibernating
CUST00629,14,36,214191.19,5,5,5,555,Champions
CUST00630,1,14,34673.43,5,4,3,543,Loyal Customers
CUST00631,366,4,7004.33,2,2,1,221,Hibernating
CUST00632,384,1,541.49,2,1,1,211,Hibernating
CUST00633,367,7,38970.88,2,3,3,233,Hibernating
CUST00634,329,5,32399.45,3,2,3,323,Need Attention
CUST00635,1,20,203101.25,5,5,5,555,Champions
CUST00636,180,9,24395.72,3,3,3,333,Loyal Customers
CUST00637,425,3,2352.67,2,1,1,211,Hibernating
CUST00638,17,7,41037.979999999996,4,3,3,433,Loyal Customers
CUST00639,57,11,43987.759999999995,4,4,3,443,Loyal Customers
CUST00640,143,5,4205.97,3,2,1,321,Hibernating
CUST00641,6,60,285981.27999999997,5,5,5,555,Champions
CUST00642,42,12,69084.05,4,4,4,444,Champions
CUST00643,105,12,38021.22,4,4,3,443,Loyal Customers
CUST00644,470,12,29945.3,2,4,3,243,Churned Best Customers
CUST00645,4,22,92557.39,5,5,4,554,Champions
CUST00646,390,2,9697.0,2,1,2,212,Hibernating
CUST00647,499,6,16245.84,1,2,2,122,Lost
CUST00648,622,4,3928.69,1,2,1,121,Lost
CUST00649,482,4,11481.34,2,2,2,222,Hibernating
CUST00650,7,12,30442.85,5,4,3,543,Loyal Customers
CUST00651,5,43,151625.47,5,5,5,555,Champions
CUST00652,192,6,26118.700000000004,3,2,3,323,Need Attention
CUST00653,415,2,3938.9400000000005,2,1,1,211,Hibernating
CUST00654,473,9,108222.83,2,3,4,234,Hibernating
CUST00655,183,9,15674.73,3,3,2,332,Need Attention
CUST00656,1,25,172812.84,5,5,5,555,Champions
CUST00657,17,9,51761.5,4,3,4,434,Loyal Customers
CUST00658,141,8,84230.76,3,3,4,334,Loyal Customers
CUST00659,435,6,75123.13,2,2,4,224,Hibernating
CUST00660,276,7,74156.70999999999,3,3,4,334,Loyal Customers
CUST00661,53,10,33778.159999999996,4,3,3,433,Loyal Customers
CUST00662,630,2,244845.9,1,1,5,115,Lost
CUST00663,568,5,12668.269999999999,1,2,2,122,Lost
CUST00664,2,12,59872.46,5,4,4,544,Champions
CUST00665,1,29,115811.59,5,5,4,554,Champions
CUST00666,3,20,197080.74,5,5,5,555,Champions
CUST00667,24,13,28981.09,4,4,3,443,Loyal Customers
CUST00668,1,24,220734.75,5,5,5,555,Champions
CUST00669,11,24,227456.26,5,5,5,555,Champions
CUST00670,248,5,21721.18,3,2,2,322,Need Attention
CUST00671,10,29,81136.75,5,5,4,554,Champions
CUST00672,674,1,1625.62,1,1,1,111,Lost
CUST00673,18,24,116029.16,4,5,4,454,Champions
CUST00674,469,4,12695.97,2,2,2,222,Hibernating
CUST00675,139,11,32096.75,3,4,3,343,Loyal Customers
CUST00676,642,4,13293.259999999998,1,2,2,122,Lost
CUST00677,8,22,49020.159999999996,5,5,4,554,Champions
CUST00678,262,10,40828.61,3,3,3,333,Loyal Customers
CUST00679,446,3,87300.19,2,1,4,214,Hibernating
CUST00680,408,5,39397.850000000006,2,2,3,223,Hibernating
CUST00681,594,2,12153.76,1,1,2,112,Lost
CUST00682,3,10,21886.99,5,3,2,532,Need Attention
CUST00683,7,17,113753.6,5,4,4,544,Champions
CUST00684,400,3,5582.37,2,1,1,211,Hibernating
CUST00685,480,5,26045.25,2,2,3,223,Hibernating
CUST00686,538,6,23824.42,1,2,3,123,Lost
CUST00687,511,6,15014.900000000001,1,2,2,122,Lost
CUST00688,257,9,56630.619999999995,3,3,4,334,Loyal Customers
CUST00689,434,4,4569.78,2,2,1,221,Hibernating
CUST00690,11,22,113071.43,5,5,4,554,Champions
CUST00691,201,15,63240.49,3,4,4,344,Loyal Customers
CUST00692,20,6,12150.619999999999,4,2,2,422,New Customers
CUST00693,555,7,39394.91,1,3,3,133,Hibernating
CUST00694,9,9,39135.79,5,3,3,533,Loyal Customers
CUST00695,1,37,205541.53,5,5,5,555,Champions
CUST00696,576,4,8916.130000000001,1,2,2,122,Lost
CUST00697,71,11,57210.08,4,4,4,444,Champions
CUST00698,486,4,69456.92,1,2,4,124,Lost
CUST00699,10,31,88508.44,5,5,4,554,Champions
CUST00700,87,8,75482.77,4,3,4,434,Loyal Customers
CUST00701,199,4,432612.13,3,2,5,325,Need Attention
CUST00702,17,22,127854.23,4,5,5,455,Champions
CUST00703,118,10,28868.28,4,3,3,433,Loyal Customers
CUST00704,11,32,368003.51,5,5,5,555,Champions
CUST00705,16,21,56742.39,4,5,4,454,Champions
CUST00706,461,2,1487.1299999999999,2,1,1,211,Hibernating
CUST00707,150,14,42980.76,3,4,3,343,Loyal Customers
CUST00708,641,4,97162.74,1,2,4,124,Lost
CUST00709,22,9,35476.93,4,3,3,433,Loyal Customers
CUST00710,282,5,198155.44,3,2,5,325,Need Attention
CUST00711,266,2,2214.7599999999998,3,1,1,311,Hibernating
CUST00712,561,7,18542.73,1,3,2,132,Hibernating
CUST00713,47,11,33702.92,4,4,3,443,Loyal Customers
CUST00714,43,5,236176.2,4,2,5,425,New Customers
CUST00715,16,13,48615.51,4,4,3,443,Loyal Customers
CUST00716,588,1,36312.65,1,1,3,113,Lost
CUST00717,414,2,6069.3099999999995,2,1,1,211,Hibernating
CUST00718,507,1,1471.82,1,1,1,111,Lost
CUST00719,5,10,36012.5,5,3,3,533,Loyal Customers
CUST00720,398,4,10850.09,2,2,2,222,Hibernating
CUST00721,481,3,14541.25,2,1,2,212,Hibernating
CUST00722,1,21,183163.82,5,5,5,555,Champions
CUST00723,2,17,49927.159999999996,5,4,4,544,Champions
CUST00724,430,6,17796.760000000002,2,2,2,222,Hibernating
CUST00725,535,5,15944.23,1,2,2,122,Lost
CUST00726,542,3,22262.750000000004,1,1,2,112,Lost
CUST00727,12,22,88451.67,5,5,4,554,Champions
CUST00728,464,4,8518.86,2,2,2,222,Hibernating
CUST00729,79,11,240485.97,4,4,5,445,Champions
CUST00730,8,28,99201.01,5,5,4,554,Champions
CUST00731,10,21,78817.15,5,5,4,554,Champions
CUST00732,486,4,30840.73,1,2,3,123,Lost
CUST00733,515,4,11038.56,1,2,2,122,Lost
CUST00734,396,6,20144.89,2,2,2,222,Hibernating
CUST00735,96,10,25119.94,4,3,3,433,Loyal Customers
CUST00736,715,2,153276.13,1,1,5,115,Lost
CUST00737,67,11,36345.49,4,4,3,443,Loyal Customers
CUST00738,625,4,10552.710000000001,1,2,2,122,Lost
CUST00739,154,16,64359.24,3,4,4,344,Loyal Customers
CUST00740,186,5,30418.78,3,2,3,323,Need Attention
CUST00741,521,8,10212.05,1,3,2,132,Hibernating
CUST00742,62,15,32412.96,4,4,3,443,Loyal Customers
CUST00743,400,9,40531.020000000004,2,3,3,233,Hibernating
CUST00744,435,2,2731.55,2,1,1,211,Hibernating
CUST00745,52,17,59084.25,4,4,4,444,Champions
CUST00746,713,2,3361.8,1,1,1,111,Lost
CUST00747,207,6,22364.97,3,2,2,322,Need Attention
CUST00748,462,9,139825.45,2,3,5,235,Hibernating
CUST00749,676,1,184.68,1,1,1,111,Lost
CUST00750,655,5,13387.45,1,2,2,122,Lost
CUST00751,5,30,91712.17,5,5,4,554,Champions
CUST00752,631,1,610.36,1,1,1,111,Lost
CUST00753,260,8,41217.53,3,3,3,333,Loyal Customers
CUST00754,332,6,9795.64,3,2,2,322,Need Attention
CUST00755,22,37,238396.9,4,5,5,455,Champions
CUST00756,360,5,48338.1,2,2,3,223,Hibernating
CUST00757,202,3,13426.949999999999,3,1,2,312,Hibernating
CUST00758,400,7,24725.7,2,3,3,233,Hibernating
CUST00759,409,3,1989.3899999999999,2,1,1,211,Hibernating
CUST00760,421,4,6209.34,2,2,1,221,Hibernating
CUST00761,2,20,131237.02,5,5,5,555,Champions
CUST00762,83,12,343679.45,4,4,5,445,Champions
CUST00763,333,11,47296.76,3,4,3,343,Loyal Customers
CUST00764,432,4,90036.86,2,2,4,224,Hibernating
CUST00765,5,36,396724.02,5,5,5,555,Champions
CUST00766,471,7,151964.75,2,3,5,235,Hibernating
CUST00767,381,9,15003.78,2,3,2,232,Hibernating
CUST00768,686,2,3835.17,1,1,1,111,Lost
CUST00769,65,12,60321.880000000005,4,4,4,444,Champions
CUST00770,288,5,13029.94,3,2,2,322,Need Attention
CUST00771,5,32,123954.75,5,5,5,555,Champions
CUST00772,205,2,8474.25,3,1,2,312,Hibernating
CUST00773,2,23,41542.3,5,5,3,553,Loyal Customers
CUST00774,94,10,94277.56,4,3,4,434,Loyal Customers
CUST00775,282,5,16259.96,3,2,2,322,Need Attention
CUST00776,9,28,274164.84,5,5,5,555,Champions
CUST00777,21,15,85358.45,4,4,4,444,Champions
CUST00778,372,9,24201.74,2,3,3,233,Hibernating
CUST00779,383,3,3006.85,2,1,1,211,Hibernating
CUST00780,417,5,14479.96,2,2,2,222,Hibernating
CUST00781,455,4,13872.61,2,2,2,222,Hibernating
CUST00782,553,11,49391.94,1,4,4,144,At Risk
CUST00783,48,9,38014.19,4,3,3,433,Loyal Customers
CUST00784,166,6,27965.41,3,2,3,323,Need Attention
CUST00785,3,24,441213.54000000004,5,5,5,555,Champions
CUST00786,601,2,100118.01,1,1,4,114,Lost
CUST00787,401,4,5666.7,2,2,1,221,Hibernating
CUST00788,232,12,40813.42,3,4,3,343,Loyal Customers
CUST00789,168,10,41727.22,3,3,3,333,Loyal Customers
CUST00790,563,3,11025.730000000001,1,1,2,112,Lost
CUST00791,7,13,282515.47,5,4,5,545,Champions
CUST00792,426,4,100991.87999999999,2,2,4,224,Hibernating
CUST00793,255,7,13667.19,3,3,2,332,Need Attention
CUST00794,474,4,8893.029999999999,2,2,2,222,Hibernating
CUST00795,1,41,208579.36,5,5,5,555,Champions
CUST00796,707,3,206421.21000000002,1,1,5,115,Lost
CUST00797,446,4,8057.2699999999995,2,2,2,222,Hibernating
CUST00798,323,5,320649.99,3,2,5,325,Need Attention
CUST00799,342,4,5110.7,3,2,1,321,Hibernating
CUST00800,600,1,1327.42,1,1,1,111,Lost
CUST00801,184,4,7346.66,3,2,1,321,Hibernating
CUST00802,2,20,253606.42,5,5,5,555,Champions
CUST00803,397,3,25297.760000000002,2,1,3,213,Hibernating
CUST00804,193,4,45738.88,3,2,3,323,Need Attention
CUST00805,390,13,57437.52,2,4,4,244,At Risk
CUST00806,298,5,8030.620000000001,3,2,2,322,Need Attention
CUST00807,451,3,7660.22,2,1,1,211,Hibernating
CUST00808,702,4,9381.470000000001,1,2,2,122,Lost
CUST00809,86,8,16168.04,4,3,2,432,Need Attention
CUST00810,15,20,85114.51,4,5,4,454,Champions
CUST00811,188,3,4866.78,3,1,1,311,Hibernating
CUST00812,525,4,7393.52,1,2,1,121,Lost
CUST00813,3,22,57196.11,5,5,4,554,Champions
CUST00814,567,1,215.17,1,1,1,111,Lost
CUST00815,460,4,48856.34,2,2,3,223,Hibernating
CUST00816,239,2,5195.0199999999995,3,1,1,311,Hibernating
CUST00817,287,4,3939.0099999999998,3,2,1,321,Hibernating
CUST00818,146,11,11596.12,3,4,2,342,Need Attention
CUST00819,17,20,47670.99,4,5,3,453,Loyal Customers
CUST00820,49,14,39993.65,4,4,3,443,Loyal Customers
CUST00821,418,1,2888.72,2,1,1,211,Hibernating
CUST00822,2,56,317948.4,5,5,5,555,Champions
CUST00823,90,14,161087.89,4,4,5,445,Champions
CUST00824,278,10,108386.53,3,3,4,334,Loyal Customers
CUST00825,244,7,37324.93,3,3,3,333,Loyal Customers
CUST00826,531,3,7430.84,1,1,1,111,Lost
CUST00827,100,11,64959.89000000001,4,4,4,444,Champions
CUST00828,70,16,59964.17,4,4,4,444,Champions
CUST00829,613,2,5375.04,1,1,1,111,Lost
CUST00830,30,8,19620.65,4,3,2,432,Need Attention
CUST00831,6,5,11514.98,5,2,2,522,New Customers
CUST00832,159,15,38544.52,3,4,3,343,Loyal Customers
CUST00833,10,21,90066.65,5,5,4,554,Champions
CUST00834,22,18,112580.48,4,5,4,454,Champions
CUST00835,272,6,10004.78,3,2,2,322,Need Attention
CUST00836,170,10,53537.91,3,3,4,334,Loyal Customers
CUST00837,581,1,467.36,1,1,1,111,Lost
CUST00838,257,9,227549.47999999998,3,3,5,335,Loyal Customers
CUST00839,547,5,11188.84,1,2,2,122,Lost
CUST00840,191,5,61096.340000000004,3,2,4,324,Need Attention
CUST00841,1,40,445588.89999999997,5,5,5,555,Champions
CUST00842,387,5,15392.21,2,2,2,222,Hibernating
CUST00843,13,19,42962.57,5,5,3,553,Loyal Customers
CUST00844,362,3,3623.88,2,1,1,211,Hibernating
CUST00845,30,21,66911.85,4,5,4,454,Champions
CUST00846,129,16,91867.57,4,4,4,444,Champions
CUST00847,2,29,79626.74,5,5,4,554,Champions
CUST00848,394,3,12790.43,2,1,2,212,Hibernating
CUST00849,327,6,24970.75,3,2,3,323,Need Attention
CUST00850,620,4,5457.21,1,2,1,121,Lost
CUST00851,7,25,719581.0700000001,5,5,5,555,Champions
CUST00852,422,6,15398.8,2,2,2,222,Hibernating
CUST00853,21,10,196555.67,4,3,5,435,Loyal Customers
CUST00854,697,1,766.11,1,1,1,111,Lost
CUST00855,149,9,177247.56,3,3,5,335,Loyal Customers
CUST00856,8,16,49876.11,5,4,4,544,Champions
CUST00857,2,68,516403.20999999996,5,5,5,555,Champions
CUST00858,2,11,36070.69,5,4,3,543,Loyal Customers
CUST00859,553,3,10312.41,1,1,2,112,Lost
CUST00860,23,20,100829.24,4,5,4,454,Champions
CUST00861,484,9,71246.79000000001,1,3,4,134,Hibernating
CUST00862,117,14,36877.89,4,4,3,443,Loyal Customers
CUST00863,256,6,14945.21,3,2,2,322,Need Attention
CUST00864,302,12,46390.53,3,4,3,343,Loyal Customers
CUST00865,73,6,31675.45,4,2,3,423,New Customers
CUST00866,524,3,6953.93,1,1,1,111,Lost
CUST00867,5,16,55489.12,5,4,4,544,Champions
CUST00868,16,22,75535.25,4,5,4,454,Champions
CUST00869,675,1,372.27,1,1,1,111,Lost
CUST00870,419,1,409.73,2,1,1,211,Hibernating
CUST00871,16,12,27420.34,4,4,3,443,Loyal Customers
CUST00872,108,10,23169.320000000003,4,3,3,433,Loyal Customers
CUST00873,264,4,5422.79,3,2,1,321,Hibernating
CUST00874,156,9,14368.38,3,3,2,332,Need Attention
CUST00875,2,44,253819.09,5,5,5,555,Champions
CUST00876,1,28,163333.66,5,5,5,555,Champions
CUST00877,231,3,6107.8,3,1,1,311,Hibernating
CUST00878,497,4,246661.44,1,2,5,125,Lost
CUST00879,3,55,181399.18,5,5,5,555,Champions
CUST00880,134,18,84178.17,4,5,4,454,Champions
CUST00881,278,7,20063.550000000003,3,3,2,332,Need Attention
CUST00882,713,6,5963.09,1,2,1,121,Lost
CUST00883,5,37,133945.04,5,5,5,555,Champions
CUST00884,7,20,145908.71,5,5,5,555,Champions
CUST00885,399,4,86143.88,2,2,4,224,Hibernating
CUST00886,1,22,124210.81000000001,5,5,5,555,Champions
CUST00887,379,3,10011.560000000001,2,1,2,212,Hibernating
CUST00888,109,12,143987.22,4,4,5,445,Champions
CUST00889,30,14,54590.96,4,4,4,444,Champions
CUST00890,99,13,197277.09,4,4,5,445,Champions
CUST00891,261,3,6404.88,3,1,1,311,Hibernating
CUST00892,518,1,1589.73,1,1,1,111,Lost
CUST00893,474,1,2115.29,2,1,1,211,Hibernating
CUST00894,94,9,25176.89,4,3,3,433,Loyal Customers
CUST00895,454,8,20284.739999999998,2,3,2,232,Hibernating
CUST00896,376,5,21903.16,2,2,2,222,Hibernating
CUST00897,62,17,45318.57,4,4,3,443,Loyal Customers
CUST00898,714,1,694.95,1,1,1,111,Lost
CUST00899,6,56,250288.2,5,5,5,555,Champions
CUST00900,2,21,84185.94,5,5,4,554,Champions
CUST00901,59,16,175494.57,4,4,5,445,Champions
CUST00902,6,41,185097.59,5,5,5,555,Champions
CUST00903,27,23,275951.63,4,5,5,455,Champions
CUST00904,197,5,7475.09,3,2,1,321,Hibernating
CUST00905,84,4,6266.8,4,2,1,421,New Customers
CUST00906,725,2,7880.09,1,1,1,111,Lost
CUST00907,654,1,3333.61,1,1,1,111,Lost
CUST00908,101,16,54166.189999999995,4,4,4,444,Champions
CUST00909,156,10,25916.73,3,3,3,333,Loyal Customers
CUST00910,310,9,88821.79000000001,3,3,4,334,Loyal Customers
CUST00911,596,4,7983.75,1,2,2,122,Lost
CUST00912,158,14,69188.20999999999,3,4,4,344,Loyal Customers
CUST00913,295,4,6061.77,3,2,1,321,Hibernating
CUST00914,13,18,53901.88,5,5,4,554,Champions
CUST00915,637,3,10635.55,1,1,2,112,Lost
CUST00916,69,10,34460.31,4,3,3,433,Loyal Customers
CUST00917,160,11,25503.22,3,4,3,343,Loyal Customers
CUST00918,405,1,2285.63,2,1,1,211,Hibernating
CUST00919,614,3,11084.53,1,1,2,112,Lost
CUST00920,15,27,121038.15,4,5,5,455,Champions
CUST00921,320,1,1430.58,3,1,1,311,Hibernating
CUST00922,28,16,50299.020000000004,4,4,4,444,Champions
CUST00923,304,4,73138.76,3,2,4,324,Need Attention
CUST00924,545,5,25624.72,1,2,3,123,Lost
CUST00925,33,15,165668.87,4,4,5,445,Champions
CUST00926,10,48,229928.71,5,5,5,555,Champions
CUST00927,72,8,22796.010000000002,4,3,2,432,Need Attention
CUST00928,265,4,15534.8,3,2,2,322,Need Attention
CUST00929,438,5,7845.22,2,2,1,221,Hibernating
CUST00930,312,12,213451.59,3,4,5,345,Loyal Customers
CUST00931,6,14,121262.31,5,4,5,545,Champions
CUST00932,237,2,6624.12,3,1,1,311,Hibernating
CUST00933,411,1,3757.54,2,1,1,211,Hibernating
CUST00934,245,6,59055.58,3,2,4,324,Need Attention
CUST00935,10,19,152881.86000000002,5,5,5,555,Champions
CUST00936,67,12,25084.96,4,4,3,443,Loyal Customers
CUST00937,5,35,163334.95,5,5,5,555,Champions
CUST00938,455,2,9338.51,2,1,2,212,Hibernating
CUST00939,32,32,75068.74,4,5,4,454,Champions
CUST00940,486,5,19670.34,1,2,2,122,Lost
CUST00941,111,10,52947.52,4,3,4,434,Loyal Customers
CUST00942,492,3,15409.570000000002,1,1,2,112,Lost
CUST00943,273,5,4494.8,3,2,1,321,Hibernating
CUST00944,250,1,5839.28,3,1,1,311,Hibernating
CUST00945,134,14,77553.73,4,4,4,444,Champions
CUST00946,6,45,97998.36,5,5,4,554,Champions
CUST00947,41,19,59926.43,4,5,4,454,Champions
CUST00948,489,2,2982.91,1,1,1,111,Lost
CUST00949,543,1,1981.64,1,1,1,111,Lost
CUST00950,377,10,130894.06,2,3,5,235,Hibernating
CUST00951,448,3,29042.41,2,1,3,213,Hibernating
CUST00952,461,5,26863.449999999997,2,2,3,223,Hibernating
CUST00953,7,30,93344.55,5,5,4,554,Champions
CUST00954,598,3,3711.36,1,1,1,111,Lost
CUST00955,328,11,29245.05,3,4,3,343,Loyal Customers
CUST00956,131,8,20260.670000000002,4,3,2,432,Need Attention
CUST00957,519,8,42118.23,1,3,3,133,Hibernating
CUST00958,2,49,343070.25,5,5,5,555,Champions
CUST00959,5,24,68174.81,5,5,4,554,Champions
CUST00960,553,2,545.37,1,1,1,111,Lost
CUST00961,8,27,132636.31,5,5,5,555,Champions
CUST00962,371,6,72465.23999999999,2,2,4,224,Hibernating
CUST00963,235,8,16403.24,3,3,2,332,Need Attention
CUST00964,78,12,47801.11,4,4,3,443,Loyal Customers
CUST00965,110,9,29622.39,4,3,3,433,Loyal Customers
CUST00966,9,6,51278.25,5,2,4,524,New Customers
CUST00967,691,3,5174.42,1,1,1,111,Lost
CUST00968,44,8,24766.19,4,3,3,433,Loyal Customers
CUST00969,182,3,4242.719999999999,3,1,1,311,Hibernating
CUST00970,50,12,89309.31999999999,4,4,4,444,Champions
CUST00971,321,3,4721.25,3,1,1,311,Hibernating
CUST00972,277,2,2310.85,3,1,1,311,Hibernating
CUST00973,425,4,9428.869999999999,2,2,2,222,Hibernating
CUST00974,99,17,151507.56,4,4,5,445,Champions
CUST00975,2,28,248449.0,5,5,5,555,Champions
CUST00976,296,8,146600.92,3,3,5,335,Loyal Customers
CUST00977,241,9,81554.38,3,3,4,334,Loyal Customers
CUST00978,4,24,253149.62,5,5,5,555,Champions
CUST00979,112,7,9062.039999999999,4,3,2,432,Need Attention
CUST00980,511,5,15638.63,1,2,2,122,Lost
CUST00981,118,16,88416.68,4,4,4,444,Champions
CUST00982,455,4,27723.21,2,2,3,223,Hibernating
CUST00983,17,19,229987.11,4,5,5,455,Champions
CUST00984,33,19,110371.08,4,5,4,454,Champions
CUST00985,259,4,45708.80999999999,3,2,3,323,Need Attention
CUST00986,123,9,174780.81,4,3,5,435,Loyal Customers
CUST00987,418,7,25135.3,2,3,3,233,Hibernating
CUST00988,171,14,39790.909999999996,3,4,3,343,Loyal Customers
CUST00989,204,16,38868.51,3,4,3,343,Loyal Customers
CUST00990,472,1,4160.34,2,1,1,211,Hibernating
CUST00991,224,5,62973.770000000004,3,2,4,324,Need Attention
CUST00992,241,5,77552.28,3,2,4,324,Need Attention
CUST00993,26,17,51633.61,4,4,4,444,Champions
CUST00994,246,8,51971.119999999995,3,3,4,334,Loyal Customers
CUST00995,277,6,185824.64,3,2,5,325,Need Attention
CUST00996,9,24,110444.72,5,5,4,554,Champions
CUST00997,551,1,716.82,1,1,1,111,Lost
CUST00998,6,24,92867.53,5,5,4,554,Champions
CUST00999,684,1,2789.04,1,1,1,111,Lost
CUST01000,83,16,185065.12,4,4,5,445,Champions
CUST01001,2,27,233125.99,5,5,5,555,Champions
CUST01002,371,2,726.4200000000001,2,1,1,211,Hibernating
CUST01003,482,2,17289.35,2,1,2,212,Hibernating
CUST01004,332,5,10259.990000000002,3,2,2,322,Need Attention
CUST01005,363,2,6554.469999999999,2,1,1,211,Hibernating
CUST01006,448,6,28954.43,2,2,3,223,Hibernating
CUST01007,379,4,122790.72,2,2,5,225,Hibernating
CUST01008,521,2,7355.97,1,1,1,111,Lost
CUST01009,53,11,84031.12000000001,4,4,4,444,Champions
CUST01010,65,14,41058.26,4,4,3,443,Loyal Customers
CUST01011,73,8,30332.199999999997,4,3,3,433,Loyal Customers
CUST01012,586,2,4832.46,1,1,1,111,Lost
CUST01013,462,1,14474.01,2,1,2,212,Hibernating
CUST01014,5,27,112170.69,5,5,4,554,Champions
CUST01015,374,6,18252.94,2,2,2,222,Hibernating
CUST01016,688,3,4748.99,1,1,1,111,Lost
CUST01017,1,17,63510.1,5,4,4,544,Champions
CUST01018,640,3,7550.8099999999995,1,1,1,111,Lost
CUST01019,416,2,3582.42,2,1,1,211,Hibernating
CUST01020,17,33,99323.94,4,5,4,454,Champions
CUST01021,640,6,17744.190000000002,1,2,2,122,Lost
CUST01022,51,11,33632.04,4,4,3,443,Loyal Customers
CUST01023,209,1,736.04,3,1,1,311,Hibernating
CUST01024,544,2,5277.59,1,1,1,111,Lost
CUST01025,547,1,1123.73,1,1,1,111,Lost
CUST01026,330,14,83192.29999999999,3,4,4,344,Loyal Customers
CUST01027,424,2,1391.32,2,1,1,211,Hibernating
CUST01028,415,5,29597.239999999998,2,2,3,223,Hibernating
CUST01029,277,12,39961.7,3,4,3,343,Loyal Customers
CUST01030,496,1,1814.96,1,1,1,111,Lost
CUST01031,1,46,397153.86,5,5,5,555,Champions
CUST01032,575,7,21808.81,1,3,2,132,Hibernating
CUST01033,47,11,142420.72,4,4,5,445,Champions
CUST01034,2,11,52321.560000000005,5,4,4,544,Champions
CUST01035,1,22,91943.70999999999,5,5,4,554,Champions
CUST01036,275,4,11619.33,3,2,2,322,Need Attention
CUST01037,55,14,80274.29,4,4,4,444,Champions
CUST01038,504,2,6805.790000000001,1,1,1,111,Lost
CUST01039,4,21,104312.51,5,5,4,554,Champions
CUST01040,45,11,767213.9,4,4,5,445,Champions
CUST01041,398,8,33085.979999999996,2,3,3,233,Hibernating
CUST01042,436,5,10102.72,2,2,2,222,Hibernating
CUST01043,162,9,207514.02000000002,3,3,5,335,Loyal Customers
CUST01044,380,4,13699.59,2,2,2,222,Hibernating
CUST01045,482,2,3385.25,2,1,1,211,Hibernating
CUST01046,235,9,20258.579999999998,3,3,2,332,Need Attention
CUST01047,69,6,17193.89,4,2,2,422,New Customers
CUST01048,4,53,331656.19,5,5,5,555,Champions
CUST01049,458,1,9339.44,2,1,2,212,Hibernating
CUST01050,1,36,221282.17,5,5,5,555,Champions
CUST01051,659,2,6463.2,1,1,1,111,Lost
CUST01052,372,4,6617.66,2,2,1,221,Hibernating
CUST01053,378,1,4845.3,2,1,1,211,Hibernating
CUST01054,525,3,15478.09,1,1,2,112,Lost
CUST01055,546,2,7240.43,1,1,1,111,Lost
CUST01056,11,14,33119.7,5,4,3,543,Loyal Customers
CUST01057,226,4,23807.07,3,2,3,323,Need Attention
CUST01058,65,14,23617.510000000002,4,4,3,443,Loyal Customers
CUST01059,277,8,15857.240000000002,3,3,2,332,Need Attention
CUST01060,429,4,90561.16,2,2,4,224,Hibernating
CUST01061,619,2,2559.8,1,1,1,111,Lost
CUST01062,711,2,6044.08,1,1,1,111,Lost
CUST01063,531,4,3801.7799999999997,1,2,1,121,Lost
CUST01064,113,13,50278.67,4,4,4,444,Champions
CUST01065,112,17,142027.35,4,4,5,445,Champions
CUST01066,358,7,16988.16,2,3,2,232,Hibernating
CUST01067,77,13,74681.44,4,4,4,444,Champions
CUST01068,28,22,121791.93,4,5,5,455,Champions
CUST01069,46,15,322419.05,4,4,5,445,Champions
CUST01070,67,11,135931.30000000002,4,4,5,445,Champions
CUST01071,93,17,119368.37,4,4,5,445,Champions
CUST01072,38,12,89112.53,4,4,4,444,Champions
CUST01073,4,53,208327.71,5,5,5,555,Champions
CUST01074,5,53,481671.22,5,5,5,555,Champions
CUST01075,382,5,17919.01,2,2,2,222,Hibernating
CUST01076,84,14,23670.81,4,4,3,443,Loyal Customers
CUST01077,128,16,345278.94,4,4,5,445,Champions
CUST01078,322,7,23093.77,3,3,2,332,Need Attention
CUST01079,4,9,68054.42,5,3,4,534,Loyal Customers
CUST01080,626,1,1120.4,1,1,1,111,Lost
CUST01081,597,5,19707.100000000002,1,2,2,122,Lost
CUST01082,18,41,249375.38,4,5,5,455,Champions
CUST01083,81,10,28778.87,4,3,3,433,Loyal Customers
CUST01084,393,2,16910.23,2,1,2,212,Hibernating
CUST01085,624,1,5844.51,1,1,1,111,Lost
CUST01086,18,14,44502.06,4,4,3,443,Loyal Customers
CUST01087,477,5,57589.6,2,2,4,224,Hibernating
CUST01088,3,32,309471.02,5,5,5,555,Champions
CUST01089,527,1,565.86,1,1,1,111,Lost
CUST01090,28,11,17104.2,4,4,2,442,Need Attention
CUST01091,414,3,13043.77,2,1,2,212,Hibernating
CUST01092,484,4,10106.03,1,2,2,122,Lost
CUST01093,612,4,5509.610000000001,1,2,1,121,Lost
CUST01094,271,8,20609.55,3,3,2,332,Need Attention
CUST01095,28,9,73913.81999999999,4,3,4,434,Loyal Customers
CUST01096,5,32,182054.88999999998,5,5,5,555,Champions
CUST01097,49,12,100540.94,4,4,4,444,Champions
CUST01098,2,28,225070.08,5,5,5,555,Champions
CUST01099,262,2,4886.299999999999,3,1,1,311,Hibernating
CUST01100,77,10,32484.679999999997,4,3,3,433,Loyal Customers
CUST01101,7,21,148589.28999999998,5,5,5,555,Champions
CUST01102,357,1,2102.47,2,1,1,211,Hibernating
CUST01103,622,1,2299.99,1,1,1,111,Lost
CUST01104,557,1,2504.52,1,1,1,111,Lost
CUST01105,421,1,2835.28,2,1,1,211,Hibernating
CUST01106,1,34,322214.52,5,5,5,555,Champions
CUST01107,154,12,30823.04,3,4,3,343,Loyal Customers
CUST01108,478,3,2748.73,2,1,1,211,Hibernating
CUST01109,423,7,71696.55,2,3,4,234,Hibernating
CUST01110,26,11,38591.79,4,4,3,443,Loyal Customers
CUST01111,635,2,6615.540000000001,1,1,1,111,Lost
CUST01112,108,11,15706.0,4,4,2,442,Need Attention
CUST01113,138,13,42697.0,3,4,3,343,Loyal Customers
CUST01114,382,4,23198.280000000002,2,2,3,223,Hibernating
CUST01115,390,3,3683.99,2,1,1,211,Hibernating
CUST01116,512,4,84673.26,1,2,4,124,Lost
CUST01117,13,13,52984.469999999994,5,4,4,544,Champions
CUST01118,460,1,3305.91,2,1,1,211,Hibernating
CUST01119,124,14,145615.87999999998,4,4,5,445,Champions
CUST01120,13,31,382621.77,5,5,5,555,Champions
CUST01121,602,2,3611.5599999999995,1,1,1,111,Lost
CUST01122,204,5,23035.86,3,2,2,322,Need Attention
CUST01123,375,1,957.64,2,1,1,211,Hibernating
CUST01124,646,3,23099.699999999997,1,1,3,113,Lost
CUST01125,620,3,26410.62,1,1,3,113,Lost
CUST01126,393,6,19972.68,2,2,2,222,Hibernating
CUST01127,28,25,188643.3,4,5,5,455,Champions
CUST01128,94,8,93285.26000000001,4,3,4,434,Loyal Customers
CUST01129,8,8,42174.479999999996,5,3,3,533,Loyal Customers
CUST01130,349,9,103134.11,3,3,4,334,Loyal Customers
CUST01131,375,7,9606.21,2,3,2,232,Hibernating
CUST01132,4,14,41807.18,5,4,3,543,Loyal Customers
CUST01133,5,17,100180.56,5,4,4,544,Champions
CUST01134,101,12,182340.47,4,4,5,445,Champions
CUST01135,599,5,10586.51,1,2,2,122,Lost
CUST01136,4,20,63392.63,5,5,4,554,Champions
CUST01137,670,2,977.66,1,1,1,111,Lost
CUST01138,276,13,268411.06,3,4,5,345,Loyal Customers
CUST01139,489,13,78590.42,1,4,4,144,At Risk
CUST01140,212,3,4017.5299999999997,3,1,1,311,Hibernating
CUST01141,683,2,4460.49,1,1,1,111,Lost
CUST01142,59,5,37422.659999999996,4,2,3,423,New Customers
CUST01143,402,2,2067.9,2,1,1,211,Hibernating
CUST01144,212,5,59152.240000000005,3,2,4,324,Need Attention
CUST01145,281,14,200856.54,3,4,5,345,Loyal Customers
CUST01146,590,5,340655.97,1,2,5,125,Lost
CUST01147,349,5,7409.51,3,2,1,321,Hibernating
CUST01148,605,7,25252.39,1,3,3,133,Hibernating
CUST01149,481,1,329.52,2,1,1,211,Hibernating
CUST01150,473,1,1435.46,2,1,1,211,Hibernating
CUST01151,413,4,78195.18,2,2,4,224,Hibernating
CUST01152,344,1,2646.94,3,1,1,311,Hibernating
CUST01153,462,6,48361.94,2,2,3,223,Hibernating
CUST01154,556,5,18081.449999999997,1,2,2,122,Lost
CUST01155,535,3,11715.45,1,1,2,112,Lost
CUST01156,451,6,31105.1,2,2,3,223,Hibernating
CUST01157,11,23,70447.79000000001,5,5,4,554,Champions
CUST01158,694,1,2194.53,1,1,1,111,Lost
CUST01159,663,2,2784.1,1,1,1,111,Lost
CUST01160,1,61,515511.41,5,5,5,555,Champions
CUST01161,664,2,12165.150000000001,1,1,2,112,Lost
CUST01162,24,27,81797.09999999999,4,5,4,454,Champions
CUST01163,147,12,145673.95,3,4,5,345,Loyal Customers
CUST01164,375,7,137081.16,2,3,5,235,Hibernating
CUST01165,3,28,232718.42,5,5,5,555,Champions
CUST01166,486,1,3154.7,1,1,1,111,Lost
CUST01167,687,3,17264.57,1,1,2,112,Lost
CUST01168,183,8,46555.72,3,3,3,333,Loyal Customers
CUST01169,1,57,256432.21,5,5,5,555,Champions
CUST01170,159,9,171688.32,3,3,5,335,Loyal Customers
CUST01171,417,7,17991.52,2,3,2,232,Hibernating
CUST01172,565,1,1625.71,1,1,1,111,Lost
CUST01173,589,3,23156.11,1,1,3,113,Lost
CUST01174,58,20,114425.97,4,5,4,454,Champions
CUST01175,249,9,21193.88,3,3,2,332,Need Attention
CUST01176,372,6,11802.49,2,2,2,222,Hibernating
CUST01177,261,6,13529.369999999999,3,2,2,322,Need Attention
CUST01178,13,30,137531.29,5,5,5,555,Champions
CUST01179,532,6,16719.49,1,2,2,122,Lost
CUST01180,192,7,22473.93,3,3,2,332,Need Attention
CUST01181,406,2,11868.19,2,1,2,212,Hibernating
CUST01182,19,20,283366.75,4,5,5,455,Champions
CUST01183,418,4,56834.42,2,2,4,224,Hibernating
CUST01184,688,1,582.04,1,1,1,111,Lost
CUST01185,9,27,289395.67,5,5,5,555,Champions
CUST01186,384,3,5271.99,2,1,1,211,Hibernating
CUST01187,340,5,20531.65,3,2,2,322,Need Attention
CUST01188,5,21,161220.75,5,5,5,555,Champions
CUST01189,11,18,59229.18,5,5,4,554,Champions
CUST01190,197,2,6802.900000000001,3,1,1,311,Hibernating
CUST01191,1,28,280682.99,5,5,5,555,Champions
CUST01192,439,2,8061.96,2,1,2,212,Hibernating
CUST01193,58,7,34511.25,4,3,3,433,Loyal Customers
CUST01194,407,7,127913.88,2,3,5,235,Hibernating
CUST01195,1,31,268469.7,5,5,5,555,Champions
CUST01196,461,1,1045.76,2,1,1,211,Hibernating
CUST01197,441,1,2770.77,2,1,1,211,Hibernating
CUST01198,252,2,5303.24,3,1,1,311,Hibernating
CUST01199,184,6,41771.62,3,2,3,323,Need Attention
CUST01200,19,19,82366.3,4,5,4,454,Champions
CUST01201,395,3,7513.74,2,1,1,211,Hibernating
CUST01202,11,45,309281.25,5,5,5,555,Champions
CUST01203,2,45,455467.83,5,5,5,555,Champions
CUST01204,44,11,24541.11,4,4,3,443,Loyal Customers
CUST01205,58,11,80223.48999999999,4,4,4,444,Champions
CUST01206,397,5,279707.74000000005,2,2,5,225,Hibernating
CUST01207,255,4,16742.61,3,2,2,322,Need Attention
CUST01208,63,6,31076.370000000003,4,2,3,423,New Customers
CUST01209,91,10,14217.1,4,3,2,432,Need Attention
CUST01210,638,1,1954.06,1,1,1,111,Lost
CUST01211,97,8,253355.04,4,3,5,435,Loyal Customers
CUST01212,123,18,148435.5,4,5,5,455,Champions
CUST01213,7,15,42505.18,5,4,3,543,Loyal Customers
CUST01214,367,6,147408.36,2,2,5,225,Hibernating
CUST01215,435,6,18658.45,2,2,2,222,Hibernating
CUST01216,29,12,35104.16,4,4,3,443,Loyal Customers
CUST01217,11,20,480401.61,5,5,5,555,Champions
CUST01218,469,4,6605.4400000000005,2,2,1,221,Hibernating
CUST01219,589,6,17096.72,1,2,2,122,Lost
CUST01220,173,12,200345.77000000002,3,4,5,345,Loyal Customers
CUST01221,417,2,26281.199999999997,2,1,3,213,Hibernating
CUST01222,2,24,179259.13,5,5,5,555,Champions
CUST01223,91,11,16043.810000000001,4,4,2,442,Need Attention
CUST01224,613,2,26090.36,1,1,3,113,Lost
CUST01225,233,5,26722.23,3,2,3,323,Need Attention
CUST01226,411,5,5047.07,2,2,1,221,Hibernating
CUST01227,97,14,49631.99,4,4,4,444,Champions
CUST01228,45,11,61669.689999999995,4,4,4,444,Champions
CUST01229,562,2,10281.3,1,1,2,112,Lost
CUST01230,41,12,47361.65,4,4,3,443,Loyal Customers
CUST01231,446,3,6988.77,2,1,1,211,Hibernating
CUST01232,79,6,24834.219999999998,4,2,3,423,New Customers
CUST01233,2,11,85640.74,5,4,4,544,Champions
CUST01234,2,48,213158.99,5,5,5,555,Champions
CUST01235,435,6,64083.520000000004,2,2,4,224,Hibernating
CUST01236,70,16,91741.56999999999,4,4,4,444,Champions
CUST01237,400,2,6810.15,2,1,1,211,Hibernating
CUST01238,7,9,18345.69,5,3,2,532,Need Attention
CUST01239,678,2,5639.09,1,1,1,111,Lost
CUST01240,5,29,183390.06999999998,5,5,5,555,Champions
CUST01241,667,3,6038.71,1,1,1,111,Lost
CUST01242,310,12,135128.38,3,4,5,345,Loyal Customers
CUST01243,383,6,23291.550000000003,2,2,3,223,Hibernating
CUST01244,554,1,627.4,1,1,1,111,Lost
CUST01245,450,5,8717.83,2,2,2,222,Hibernating
CUST01246,294,3,34936.35,3,1,3,313,Hibernating
CUST01247,25,14,38367.77,4,4,3,443,Loyal Customers
CUST01248,2,43,206110.07,5,5,5,555,Champions
CUST01249,410,2,4867.84,2,1,1,211,Hibernating
CUST01250,395,4,27465.31,2,2,3,223,Hibernating
CUST01251,292,3,3402.52,3,1,1,311,Hibernating
CUST01252,28,14,53675.32,4,4,4,444,Champions
CUST01253,8,26,166233.66999999998,5,5,5,555,Champions
CUST01254,7,23,86841.04000000001,5,5,4,554,Champions
CUST01255,347,10,38181.41,3,3,3,333,Loyal Customers
CUST01256,56,16,56442.44,4,4,4,444,Champions
CUST01257,70,15,44053.35,4,4,3,443,Loyal Customers
CUST01258,118,12,23746.57,4,4,3,443,Loyal Customers
CUST01259,2,21,127149.12,5,5,5,555,Champions
CUST01260,373,2,1697.48,2,1,1,211,Hibernating
CUST01261,252,16,78924.41,3,4,4,344,Loyal Customers
CUST01262,196,9,38890.64,3,3,3,333,Loyal Customers
CUST01263,305,9,28295.91,3,3,3,333,Loyal Customers
CUST01264,182,10,55809.03,3,3,4,334,Loyal Customers
CUST01265,1,35,200028.06,5,5,5,555,Champions
CUST01266,4,28,210713.74,5,5,5,555,Champions
CUST01267,285,6,9975.060000000001,3,2,2,322,Need Attention
CUST01268,141,16,50931.87,3,4,4,344,Loyal Customers
CUST01269,461,5,15982.59,2,2,2,222,Hibernating
CUST01270,48,10,45192.4,4,3,3,433,Loyal Customers
CUST01271,620,4,19363.04,1,2,2,122,Lost
CUST01272,521,1,170.87,1,1,1,111,Lost
CUST01273,535,7,40383.76,1,3,3,133,Hibernating
CUST01274,1,61,195758.75,5,5,5,555,Champions
CUST01275,171,11,42817.77,3,4,3,343,Loyal Customers
CUST01276,7,13,31094.07,5,4,3,543,Loyal Customers
CUST01277,130,15,61954.06,4,4,4,444,Champions
CUST01278,600,1,265.03,1,1,1,111,Lost
CUST01279,4,27,80129.38,5,5,4,554,Champions
CUST01280,6,10,69631.20999999999,5,3,4,534,Loyal Customers
CUST01281,216,4,21390.73,3,2,2,322,Need Attention
CUST01282,328,12,55166.689999999995,3,4,4,344,Loyal Customers
CUST01283,302,3,34148.62,3,1,3,313,Hibernating
CUST01284,4,59,280244.07,5,5,5,555,Champions
CUST01285,86,16,104257.85,4,4,4,444,Champions
CUST01286,561,3,47489.229999999996,1,1,3,113,Lost
CUST01287,26,11,196868.73,4,4,5,445,Champions
CUST01288,13,8,21026.54,5,3,2,532,Need Attention
CUST01289,7,47,450459.78,5,5,5,555,Champions
CUST01290,19,17,189437.11000000002,4,4,5,445,Champions
CUST01291,55,9,61674.12,4,3,4,434,Loyal Customers
CUST01292,5,36,198339.28,5,5,5,555,Champions
CUST01293,606,4,37020.1,1,2,3,123,Lost
CUST01294,464,5,18030.89,2,2,2,222,Hibernating
CUST01295,503,2,4634.23,1,1,1,111,Lost
CUST01296,37,9,33811.88,4,3,3,433,Loyal Customers
CUST01297,5,22,145824.24,5,5,5,555,Champions
CUST01298,17,17,82012.78,4,4,4,444,Champions
CUST01299,341,3,6656.13,3,1,1,311,Hibernating
CUST01300,540,5,10982.92,1,2,2,122,Lost
CUST01301,2,31,257345.86,5,5,5,555,Champions
CUST01302,463,1,1055.65,2,1,1,211,Hibernating
CUST01303,1,10,27707.079999999998,5,3,3,533,Loyal Customers
CUST01304,425,7,64890.22,2,3,4,234,Hibernating
CUST01305,593,3,56995.55,1,1,4,114,Lost
CUST01306,705,1,364.08,1,1,1,111,Lost
CUST01307,430,6,9863.27,2,2,2,222,Hibernating
CUST01308,455,4,86548.8,2,2,4,224,Hibernating
CUST01309,101,9,33801.85,4,3,3,433,Loyal Customers
CUST01310,589,2,75227.41,1,1,4,114,Lost
CUST01311,12,29,244003.0,5,5,5,555,Champions
CUST01312,516,1,3337.32,1,1,1,111,Lost
CUST01313,541,3,28697.08,1,1,3,113,Lost
CUST01314,622,2,1520.16,1,1,1,111,Lost
CUST01315,218,12,28995.05,3,4,3,343,Loyal Customers
CUST01316,279,4,90975.75,3,2,4,324,Need Attention
CUST01317,534,7,117830.53,1,3,5,135,Hibernating
CUST01318,457,3,21681.190000000002,2,1,2,212,Hibernating
CUST01319,3,33,162602.29,5,5,5,555,Champions
CUST01320,6,20,119386.57999999999,5,5,5,555,Champions
CUST01321,37,12,26941.77,4,4,3,443,Loyal Customers
CUST01322,1,17,41206.27,5,4,3,543,Loyal Customers
CUST01323,687,2,37825.64,1,1,3,113,Lost
CUST01324,74,7,15608.949999999999,4,3,2,432,Need Attention
CUST01325,409,1,42868.85,2,1,3,213,Hibernating
CUST01326,145,12,58764.380000000005,3,4,4,344,Loyal Customers
CUST01327,10,27,138900.41,5,5,5,555,Champions
CUST01328,419,5,14824.14,2,2,2,222,Hibernating
CUST01329,518,4,5635.15,1,2,1,121,Lost
CUST01330,212,13,34804.32,3,4,3,343,Loyal Customers
CUST01331,471,5,24434.58,2,2,3,223,Hibernating
CUST01332,226,9,24293.1,3,3,3,333,Loyal Customers
CUST01333,124,9,46386.94,4,3,3,433,Loyal Customers
CUST01334,490,3,5315.5199999999995,1,1,1,111,Lost
CUST01335,660,2,5749.67,1,1,1,111,Lost
CUST01336,609,4,8010.49,1,2,2,122,Lost
CUST01337,27,26,78222.71,4,5,4,454,Champions
CUST01338,380,8,26103.92,2,3,3,233,Hibernating
CUST01339,16,28,144067.81,4,5,5,455,Champions
CUST01340,7,52,235214.38999999998,5,5,5,555,Champions
CUST01341,1,7,42053.0,5,3,3,533,Loyal Customers
CUST01342,502,13,24739.94,1,4,3,143,Churned Best Customers
CUST01343,537,1,905.85,1,1,1,111,Lost
CUST01344,537,8,10948.28,1,3,2,132,Hibernating
CUST01345,282,4,12861.81,3,2,2,322,Need Attention
CUST01346,36,15,94964.54000000001,4,4,4,444,Champions
CUST01347,257,10,18076.49,3,3,2,332,Need Attention
CUST01348,69,17,49447.04,4,4,4,444,Champions
CUST01349,412,3,10160.14,2,1,2,212,Hibernating
CUST01350,5,56,463952.93,5,5,5,555,Champions
CUST01351,715,3,8797.11,1,1,2,112,Lost
CUST01352,354,7,58478.99,3,3,4,334,Loyal Customers
CUST01353,29,9,28237.95,4,3,3,433,Loyal Customers
CUST01354,437,3,19188.329999999998,2,1,2,212,Hibernating
CUST01355,4,12,86445.37,5,4,4,544,Champions
CUST01356,650,1,2654.1,1,1,1,111,Lost
CUST01357,428,4,13493.86,2,2,2,222,Hibernating
CUST01358,90,14,154076.00999999998,4,4,5,445,Champions
CUST01359,80,14,30724.11,4,4,3,443,Loyal Customers
CUST01360,479,6,14220.51,2,2,2,222,Hibernating
CUST01361,560,3,43215.38,1,1,3,113,Lost
CUST01362,158,8,12314.18,3,3,2,332,Need Attention
CUST01363,516,8,18475.72,1,3,2,132,Hibernating
CUST01364,421,4,9635.13,2,2,2,222,Hibernating
CUST01365,307,4,13802.75,3,2,2,322,Need Attention
CUST01366,2,21,217844.46,5,5,5,555,Champions
CUST01367,189,7,15903.25,3,3,2,332,Need Attention
CUST01368,524,1,203.76,1,1,1,111,Lost
CUST01369,5,24,100536.71,5,5,4,554,Champions
CUST01370,344,7,10002.73,3,3,2,332,Need Attention
CUST01371,561,2,17021.97,1,1,2,112,Lost
CUST01372,5,26,84675.09,5,5,4,554,Champions
CUST01373,428,2,25834.24,2,1,3,213,Hibernating
CUST01374,361,6,94956.23000000001,2,2,4,224,Hibernating
CUST01375,108,12,137470.63,4,4,5,445,Champions
CUST01376,469,2,10945.11,2,1,2,212,Hibernating
CUST01377,23,14,47537.01,4,4,3,443,Loyal Customers
CUST01378,230,10,42814.17,3,3,3,333,Loyal Customers
CUST01379,98,8,21956.13,4,3,2,432,Need Attention
CUST01380,454,3,4714.04,2,1,1,211,Hibernating
CUST01381,2,27,76454.69,5,5,4,554,Champions
CUST01382,193,13,87668.0,3,4,4,344,Loyal Customers
CUST01383,568,1,252.03,1,1,1,111,Lost
CUST01384,150,8,27159.72,3,3,3,333,Loyal Customers
CUST01385,239,4,13531.89,3,2,2,322,Need Attention
CUST01386,177,19,75796.75,3,5,4,354,Loyal Customers
CUST01387,209,6,21375.4,3,2,2,322,Need Attention
CUST01388,9,17,129694.24,5,4,5,545,Champions
CUST01389,551,4,9678.05,1,2,2,122,Lost
CUST01390,167,12,39652.53,3,4,3,343,Loyal Customers
CUST01391,160,17,170612.26,3,4,5,345,Loyal Customers
CUST01392,11,24,192677.77,5,5,5,555,Champions
CUST01393,1,28,167864.93,5,5,5,555,Champions
CUST01394,546,5,28144.82,1,2,3,123,Lost
CUST01395,125,20,212385.94,4,5,5,455,Champions
CUST01396,597,1,3628.47,1,1,1,111,Lost
CUST01397,142,17,57107.1,3,4,4,344,Loyal Customers
CUST01398,35,16,186502.34,4,4,5,445,Champions
CUST01399,607,3,7448.17,1,1,1,111,Lost
CUST01400,706,7,7380.44,1,3,1,131,Hibernating
CUST01401,6,33,212587.47,5,5,5,555,Champions
CUST01402,8,30,322496.47,5,5,5,555,Champions
CUST01403,1,42,167900.82,5,5,5,555,Champions
CUST01404,291,3,6058.5,3,1,1,311,Hibernating
CUST01405,387,4,14624.710000000001,2,2,2,222,Hibernating
CUST01406,5,12,196201.16999999998,5,4,5,545,Champions
CUST01407,572,3,8410.03,1,1,2,112,Lost
CUST01408,632,2,5118.28,1,1,1,111,Lost
CUST01409,500,7,94708.99,1,3,4,134,Hibernating
CUST01410,398,2,3185.74,2,1,1,211,Hibernating
CUST01411,30,17,55440.96,4,4,4,444,Champions
CUST01412,3,23,67253.14,5,5,4,554,Champions
CUST01413,128,16,35997.979999999996,4,4,3,443,Loyal Customers
CUST01414,5,17,50110.49,5,4,4,544,Champions
CUST01415,440,4,12819.439999999999,2,2,2,222,Hibernating
CUST01416,543,2,11312.31,1,1,2,112,Lost
CUST01417,8,55,329719.26,5,5,5,555,Champions
CUST01418,1,28,222617.42,5,5,5,555,Champions
CUST01419,11,15,38754.94,5,4,3,543,Loyal Customers
CUST01420,448,1,608.71,2,1,1,211,Hibernating
CUST01421,80,16,52557.33,4,4,4,444,Champions
CUST01422,428,6,29109.32,2,2,3,223,Hibernating
CUST01423,3,38,128225.45999999999,5,5,5,555,Champions
CUST01424,3,23,85943.43000000001,5,5,4,554,Champions
CUST01425,379,2,77598.69,2,1,4,214,Hibernating
CUST01426,722,3,38853.56,1,1,3,113,Lost
CUST01427,4,56,207253.63,5,5,5,555,Champions
CUST01428,446,2,27589.96,2,1,3,213,Hibernating
CUST01429,445,6,7254.030000000001,2,2,1,221,Hibernating
CUST01430,606,1,6005.45,1,1,1,111,Lost
CUST01431,66,7,14020.1,4,3,2,432,Need Attention
CUST01432,604,7,122691.12,1,3,5,135,Hibernating
CUST01433,159,11,38489.0,3,4,3,343,Loyal Customers
CUST01434,489,7,17146.25,1,3,2,132,Hibernating
CUST01435,1,20,94896.4,5,5,4,554,Champions
CUST01436,5,40,216352.85,5,5,5,555,Champions
CUST01437,252,7,36004.5,3,3,3,333,Loyal Customers
CUST01438,368,9,43992.700000000004,2,3,3,233,Hibernating
CUST01439,129,14,119246.91,4,4,5,445,Champions
CUST01440,239,6,43044.04,3,2,3,323,Need Attention
CUST01441,636,3,4398.63,1,1,1,111,Lost
CUST01442,1,23,211751.02999999997,5,5,5,555,Champions
CUST01443,386,5,27213.55,2,2,3,223,Hibernating
CUST01444,95,7,32502.53,4,3,3,433,Loyal Customers
CUST01445,307,1,4388.17,3,1,1,311,Hibernating
CUST01446,9,23,47881.35,5,5,3,553,Loyal Customers
CUST01447,248,4,13235.82,3,2,2,322,Need Attention
CUST01448,499,3,6482.93,1,1,1,111,Lost
CUST01449,408,1,1870.87,2,1,1,211,Hibernating
CUST01450,259,7,48881.72,3,3,3,333,Loyal Customers
CUST01451,124,10,51859.5,4,3,4,434,Loyal Customers
CUST01452,191,7,38649.45,3,3,3,333,Loyal Customers
CUST01453,425,1,2193.59,2,1,1,211,Hibernating
CUST01454,598,5,36157.14,1,2,3,123,Lost
CUST01455,3,69,782711.71,5,5,5,555,Champions
CUST01456,608,1,12342.76,1,1,2,112,Lost
CUST01457,449,6,13000.51,2,2,2,222,Hibernating
CUST01458,317,3,5326.9,3,1,1,311,Hibernating
CUST01459,27,13,94491.70999999999,4,4,4,444,Champions
CUST01460,478,7,9835.210000000001,2,3,2,232,Hibernating
CUST01461,182,11,43984.71,3,4,3,343,Loyal Customers
CUST01462,292,7,21730.660000000003,3,3,2,332,Need Attention
CUST01463,23,14,100828.86,4,4,4,444,Champions
CUST01464,486,9,82075.81,1,3,4,134,Hibernating
CUST01465,463,5,7210.2300000000005,2,2,1,221,Hibernating
CUST01466,4,46,205192.27,5,5,5,555,Champions
CUST01467,579,2,5693.6900000000005,1,1,1,111,Lost
CUST01468,81,12,39723.58,4,4,3,443,Loyal Customers
CUST01469,463,3,19881.07,2,1,2,212,Hibernating
CUST01470,380,7,8377.83,2,3,2,232,Hibernating
CUST01471,651,6,44749.270000000004,1,2,3,123,Lost
CUST01472,212,7,26220.98,3,3,3,333,Loyal Customers
CUST01473,376,1,1926.0,2,1,1,211,Hibernating
CUST01474,25,6,29778.53,4,2,3,423,New Customers
CUST01475,174,14,43489.43,3,4,3,343,Loyal Customers
CUST01476,443,3,7461.04,2,1,1,211,Hibernating
CUST01477,575,1,3792.7,1,1,1,111,Lost
CUST01478,265,6,19444.78,3,2,2,322,Need Attention
CUST01479,190,5,8819.62,3,2,2,322,Need Attention
CUST01480,29,15,156368.25,4,4,5,445,Champions
CUST01481,583,1,857.2,1,1,1,111,Lost
CUST01482,4,16,58899.7,5,4,4,544,Champions
CUST01483,358,7,355281.26,2,3,5,235,Hibernating
CUST01484,1,64,210832.53,5,5,5,555,Champions
CUST01485,141,11,37987.33,3,4,3,343,Loyal Customers
CUST01486,156,12,60604.14,3,4,4,344,Loyal Customers
CUST01487,102,11,120779.15,4,4,5,445,Champions
CUST01488,558,3,31018.63,1,1,3,113,Lost
CUST01489,25,9,22417.76,4,3,2,432,Need Attention
CUST01490,79,10,26289.91,4,3,3,433,Loyal Customers
CUST01491,218,16,292833.50000000006,3,4,5,345,Loyal Customers
CUST01492,29,17,41360.020000000004,4,4,3,443,Loyal Customers
CUST01493,152,14,118989.41,3,4,5,345,Loyal Customers
CUST01494,4,17,38649.6,5,4,3,543,Loyal Customers
CUST01495,399,5,29581.82,2,2,3,223,Hibernating
CUST01496,209,4,10104.67,3,2,2,322,Need Attention
CUST01497,617,4,9574.07,1,2,2,122,Lost
CUST01498,67,10,40554.75,4,3,3,433,Loyal Customers
CUST01499,121,13,97522.26,4,4,4,444,Champions
CUST01500,447,1,60330.14,2,1,4,214,Hibernating
CUST01501,577,5,5635.0,1,2,1,121,Lost
CUST01502,102,6,161432.18999999997,4,2,5,425,New Customers
CUST01503,2,61,464767.08999999997,5,5,5,555,Champions
CUST01504,121,9,47192.560000000005,4,3,3,433,Loyal Customers
CUST01505,108,19,116554.39,4,5,4,454,Champions
CUST01506,256,12,19058.17,3,4,2,342,Need Attention
CUST01507,368,3,12860.75,2,1,2,212,Hibernating
CUST01508,448,7,70203.05,2,3,4,234,Hibernating
CUST01509,507,8,23969.52,1,3,3,133,Hibernating
CUST01510,470,4,10938.41,2,2,2,222,Hibernating
CUST01511,695,1,417.04,1,1,1,111,Lost
CUST01512,460,3,17600.35,2,1,2,212,Hibernating
CUST01513,616,1,8860.76,1,1,2,112,Lost
CUST01514,2,30,95194.2,5,5,4,554,Champions
CUST01515,14,23,70726.45999999999,5,5,4,554,Champions
CUST01516,1,41,351109.82,5,5,5,555,Champions
CUST01517,396,8,109354.54,2,3,4,234,Hibernating
CUST01518,470,1,697.19,2,1,1,211,Hibernating
CUST01519,229,9,54609.75,3,3,4,334,Loyal Customers
CUST01520,546,2,4743.110000000001,1,1,1,111,Lost
CUST01521,7,30,115655.29000000001,5,5,4,554,Champions
CUST01522,387,3,3864.62,2,1,1,211,Hibernating
CUST01523,60,23,65210.21,4,5,4,454,Champions
CUST01524,22,16,47684.38,4,4,3,443,Loyal Customers
CUST01525,215,7,35204.67,3,3,3,333,Loyal Customers
CUST01526,58,17,220545.69,4,4,5,445,Champions
CUST01527,74,11,52138.19,4,4,4,444,Champions
CUST01528,48,9,58825.369999999995,4,3,4,434,Loyal Customers
CUST01529,441,3,46788.58,2,1,3,213,Hibernating
CUST01530,604,3,16427.41,1,1,2,112,Lost
CUST01531,257,9,112606.26999999999,3,3,4,334,Loyal Customers
CUST01532,185,3,8449.949999999999,3,1,2,312,Hibernating
CUST01533,371,4,8774.25,2,2,2,222,Hibernating
CUST01534,327,14,51955.479999999996,3,4,4,344,Loyal Customers
CUST01535,127,10,23170.8,4,3,3,433,Loyal Customers
CUST01536,5,24,721915.95,5,5,5,555,Champions
CUST01537,23,36,127548.0,4,5,5,455,Champions
CUST01538,391,8,60971.15,2,3,4,234,Hibernating
CUST01539,3,24,68627.76,5,5,4,554,Champions
CUST01540,373,7,176584.6,2,3,5,235,Hibernating
CUST01541,577,4,29039.91,1,2,3,123,Lost
CUST01542,5,19,239482.85,5,5,5,555,Champions
CUST01543,370,2,17116.76,2,1,2,212,Hibernating
CUST01544,294,10,36091.7,3,3,3,333,Loyal Customers
CUST01545,596,1,498.95,1,1,1,111,Lost
CUST01546,3,14,34528.950000000004,5,4,3,543,Loyal Customers
CUST01547,471,2,3457.9500000000003,2,1,1,211,Hibernating
CUST01548,688,3,49276.49,1,1,4,114,Lost
CUST01549,4,34,93398.01,5,5,4,554,Champions
CUST01550,366,3,21096.66,2,1,2,212,Hibernating
CUST01551,497,4,5543.150000000001,1,2,1,121,Lost
CUST01552,296,8,25474.43,3,3,3,333,Loyal Customers
CUST01553,497,3,8846.49,1,1,2,112,Lost
CUST01554,493,2,2641.7200000000003,1,1,1,111,Lost
CUST01555,51,7,25423.46,4,3,3,433,Loyal Customers
CUST01556,9,13,158777.2,5,4,5,545,Champions
CUST01557,435,6,12634.45,2,2,2,222,Hibernating
CUST01558,60,10,21610.510000000002,4,3,2,432,Need Attention
CUST01559,402,4,11228.150000000001,2,2,2,222,Hibernating
CUST01560,493,2,99127.38,1,1,4,114,Lost
CUST01561,33,14,402163.83999999997,4,4,5,445,Champions
CUST01562,29,10,22731.78,4,3,2,432,Need Attention
CUST01563,522,3,16782.26,1,1,2,112,Lost
CUST01564,56,12,71603.12,4,4,4,444,Champions
CUST01565,381,1,93162.62,2,1,4,214,Hibernating
CUST01566,274,19,59743.54,3,5,4,354,Loyal Customers
CUST01567,391,3,7672.53,2,1,1,211,Hibernating
CUST01568,4,22,203927.04,5,5,5,555,Champions
CUST01569,247,2,2705.0699999999997,3,1,1,311,Hibernating
CUST01570,31,13,182348.84000000003,4,4,5,445,Champions
CUST01571,527,3,59844.6,1,1,4,114,Lost
CUST01572,2,36,551156.7,5,5,5,555,Champions
CUST01573,466,6,254885.72,2,2,5,225,Hibernating
CUST01574,564,4,86819.1,1,2,4,124,Lost
CUST01575,41,20,127171.03,4,5,5,455,Champions
CUST01576,2,14,78081.87,5,4,4,544,Champions
CUST01577,1,52,312735.41,5,5,5,555,Champions
CUST01578,301,5,89194.42000000001,3,2,4,324,Need Attention
CUST01579,296,4,31651.59,3,2,3,323,Need Attention
CUST01580,424,6,11718.32,2,2,2,222,Hibernating
CUST01581,215,8,71306.19,3,3,4,334,Loyal Customers
CUST01582,118,10,138213.11000000002,4,3,5,435,Loyal Customers
CUST01583,391,5,40862.2,2,2,3,223,Hibernating
CUST01584,37,6,17553.58,4,2,2,422,New Customers
CUST01585,593,1,1515.9,1,1,1,111,Lost
CUST01586,3,22,160104.34,5,5,5,555,Champions
CUST01587,249,5,47283.24,3,2,3,323,Need Attention
CUST01588,53,10,36958.86,4,3,3,433,Loyal Customers
CUST01589,42,7,27686.89,4,3,3,433,Loyal Customers
CUST01590,289,4,12943.91,3,2,2,322,Need Attention
CUST01591,388,4,18146.69,2,2,2,222,Hibernating
CUST01592,307,5,115132.95000000001,3,2,4,324,Need Attention
CUST01593,10,16,103347.68,5,4,4,544,Champions
CUST01594,4,17,47832.0,5,4,3,543,Loyal Customers
CUST01595,464,6,12722.34,2,2,2,222,Hibernating
CUST01596,405,4,48425.03999999999,2,2,3,223,Hibernating
CUST01597,66,13,42591.39,4,4,3,443,Loyal Customers
CUST01598,5,17,46866.75,5,4,3,543,Loyal Customers
CUST01599,6,34,225316.72,5,5,5,555,Champions
CUST01600,658,2,6477.78,1,1,1,111,Lost
CUST01601,1,32,90817.41,5,5,4,554,Champions
CUST01602,34,9,60798.3,4,3,4,434,Loyal Customers
CUST01603,114,9,32184.63,4,3,3,433,Loyal Customers
CUST01604,54,6,14842.88,4,2,2,422,New Customers
CUST01605,6,29,218391.24,5,5,5,555,Champions
CUST01606,226,8,28710.94,3,3,3,333,Loyal Customers
CUST01607,1,27,274607.38,5,5,5,555,Champions
CUST01608,423,1,7291.24,2,1,1,211,Hibernating
CUST01609,136,6,45557.65,3,2,3,323,Need Attention
CUST01610,403,5,13066.009999999998,2,2,2,222,Hibernating
CUST01611,725,2,1835.3799999999999,1,1,1,111,Lost
CUST01612,503,4,17278.27,1,2,2,122,Lost
CUST01613,385,5,23446.33,2,2,3,223,Hibernating
CUST01614,52,10,78043.81000000001,4,3,4,434,Loyal Customers
CUST01615,242,8,38452.89,3,3,3,333,Loyal Customers
CUST01616,465,4,40793.22,2,2,3,223,Hibernating
CUST01617,421,3,4842.07,2,1,1,211,Hibernating
CUST01618,362,2,5438.65,2,1,1,211,Hibernating
CUST01619,389,6,36822.97,2,2,3,223,Hibernating
CUST01620,285,6,21763.489999999998,3,2,2,322,Need Attention
CUST01621,142,12,36359.2,3,4,3,343,Loyal Customers
CUST01622,11,35,258134.00999999998,5,5,5,555,Champions
CUST01623,420,6,55675.01,2,2,4,224,Hibernating
CUST01624,553,3,5994.99,1,1,1,111,Lost
CUST01625,12,37,245648.15,5,5,5,555,Champions
CUST01626,354,5,7640.5199999999995,3,2,1,321,Hibernating
CUST01627,261,13,42221.0,3,4,3,343,Loyal Customers
CUST01628,387,5,12892.57,2,2,2,222,Hibernating
CUST01629,5,24,115110.59,5,5,4,554,Champions
CUST01630,430,9,132676.45,2,3,5,235,Hibernating
CUST01631,540,5,31450.03,1,2,3,123,Lost
CUST01632,12,14,54193.08,5,4,4,544,Champions
CUST01633,472,7,25829.309999999998,2,3,3,233,Hibernating
CUST01634,309,5,6025.6900000000005,3,2,1,321,Hibernating
CUST01635,648,2,909.11,1,1,1,111,Lost
CUST01636,123,10,75858.1,4,3,4,434,Loyal Customers
CUST01637,27,8,75219.51,4,3,4,434,Loyal Customers
CUST01638,3,28,172357.61,5,5,5,555,Champions
CUST01639,374,1,1887.24,2,1,1,211,Hibernating
CUST01640,468,2,3562.44,2,1,1,211,Hibernating
CUST01641,443,6,16525.21,2,2,2,222,Hibernating
CUST01642,730,3,4788.74,1,1,1,111,Lost
CUST01643,376,5,63037.84,2,2,4,224,Hibernating
CUST01644,199,3,8215.63,3,1,2,312,Hibernating
CUST01645,1,31,109867.92,5,5,4,554,Champions
CUST01646,217,7,23288.309999999998,3,3,3,333,Loyal Customers
CUST01647,16,19,39423.62,4,5,3,453,Loyal Customers
CUST01648,450,3,9119.400000000001,2,1,2,212,Hibernating
CUST01649,315,2,4504.6900000000005,3,1,1,311,Hibernating
CUST01650,295,8,40754.729999999996,3,3,3,333,Loyal Customers
CUST01651,4,35,130884.83,5,5,5,555,Champions
CUST01652,165,8,115825.81,3,3,4,334,Loyal Customers
CUST01653,87,16,48784.14,4,4,3,443,Loyal Customers
CUST01654,134,13,175571.45,4,4,5,445,Champions
CUST01655,26,24,100759.99,4,5,4,454,Champions
CUST01656,650,2,2400.8900000000003,1,1,1,111,Lost
CUST01657,502,7,102626.79,1,3,4,134,Hibernating
CUST01658,92,11,39820.08,4,4,3,443,Loyal Customers
CUST01659,93,11,162269.16999999998,4,4,5,445,Champions
CUST01660,120,12,66997.17,4,4,4,444,Champions
CUST01661,264,8,23305.83,3,3,3,333,Loyal Customers
CUST01662,477,2,1540.1,2,1,1,211,Hibernating
CUST01663,510,1,1429.27,1,1,1,111,Lost
CUST01664,40,8,53949.28,4,3,4,434,Loyal Customers
CUST01665,523,3,7575.050000000001,1,1,1,111,Lost
CUST01666,591,2,3221.4100000000003,1,1,1,111,Lost
CUST01667,60,13,21816.440000000002,4,4,2,442,Need Attention
CUST01668,419,3,3736.95,2,1,1,211,Hibernating
CUST01669,12,20,307025.42,5,5,5,555,Champions
CUST01670,214,2,2273.3,3,1,1,311,Hibernating
CUST01671,25,11,41041.28,4,4,3,443,Loyal Customers
CUST01672,615,1,2831.12,1,1,1,111,Lost
CUST01673,381,2,7201.2699999999995,2,1,1,211,Hibernating
CUST01674,720,1,5599.07,1,1,1,111,Lost
CUST01675,372,4,45757.94,2,2,3,223,Hibernating
CUST01676,21,8,54595.65,4,3,4,434,Loyal Customers
CUST01677,9,40,193335.59,5,5,5,555,Champions
CUST01678,124,8,14004.22,4,3,2,432,Need Attention
CUST01679,10,34,322764.69,5,5,5,555,Champions
CUST01680,703,2,3369.85,1,1,1,111,Lost
CUST01681,2,16,78032.87,5,4,4,544,Champions
CUST01682,380,2,2410.42,2,1,1,211,Hibernating
CUST01683,459,6,20693.48,2,2,2,222,Hibernating
CUST01684,715,3,6160.79,1,1,1,111,Lost
CUST01685,14,19,49438.67,5,5,4,554,Champions
CUST01686,267,2,10202.73,3,1,2,312,Hibernating
CUST01687,696,2,8997.1,1,1,2,112,Lost
CUST01688,42,11,22815.68,4,4,2,442,Need Attention
CUST01689,509,11,161642.29,1,4,5,145,At Risk
CUST01690,369,6,17198.32,2,2,2,222,Hibernating
CUST01691,9,21,175336.69,5,5,5,555,Champions
CUST01692,519,5,6800.72,1,2,1,121,Lost
CUST01693,62,8,64256.35,4,3,4,434,Loyal Customers
CUST01694,14,45,213106.1,5,5,5,555,Champions
CUST01695,180,17,41427.46,3,4,3,343,Loyal Customers
CUST01696,5,30,116295.89,5,5,4,554,Champions
CUST01697,1,40,234870.22,5,5,5,555,Champions
CUST01698,4,33,270264.12,5,5,5,555,Champions
CUST01699,465,2,4279.83,2,1,1,211,Hibernating
CUST01700,206,7,27161.23,3,3,3,333,Loyal Customers
CUST01701,393,1,2485.94,2,1,1,211,Hibernating
CUST01702,24,9,35130.33,4,3,3,433,Loyal Customers
CUST01703,207,15,147996.78,3,4,5,345,Loyal Customers
CUST01704,478,5,6556.030000000001,2,2,1,221,Hibernating
CUST01705,386,10,27275.6,2,3,3,233,Hibernating
CUST01706,7,23,204909.45,5,5,5,555,Champions
CUST01707,379,2,1514.77,2,1,1,211,Hibernating
CUST01708,341,8,17889.09,3,3,2,332,Need Attention
CUST01709,562,5,6124.13,1,2,1,121,Lost
CUST01710,236,4,14902.810000000001,3,2,2,322,Need Attention
CUST01711,11,17,112015.23999999999,5,4,4,544,Champions
CUST01712,2,20,53342.68,5,5,4,554,Champions
CUST01713,426,8,42697.69,2,3,3,233,Hibernating
CUST01714,8,11,38887.17,5,4,3,543,Loyal Customers
CUST01715,3,18,69101.28,5,5,4,554,Champions
CUST01716,699,1,4703.24,1,1,1,111,Lost
CUST01717,12,19,106796.58,5,5,4,554,Champions
CUST01718,453,10,135348.42,2,3,5,235,Hibernating
CUST01719,684,2,3641.6000000000004,1,1,1,111,Lost
CUST01720,168,11,25339.28,3,4,3,343,Loyal Customers
CUST01721,2,16,59672.31,5,4,4,544,Champions
CUST01722,7,24,52333.47,5,5,4,554,Champions
CUST01723,76,10,65684.88,4,3,4,434,Loyal Customers
CUST01724,3,17,39429.729999999996,5,4,3,543,Loyal Customers
CUST01725,458,3,2337.1,2,1,1,211,Hibernating
CUST01726,14,19,493151.67,5,5,5,555,Champions
CUST01727,442,7,8893.6,2,3,2,232,Hibernating
CUST01728,703,1,3110.82,1,1,1,111,Lost
CUST01729,410,2,5659.68,2,1,1,211,Hibernating
CUST01730,561,3,3847.55,1,1,1,111,Lost
CUST01731,154,11,80757.08,3,4,4,344,Loyal Customers
CUST01732,374,8,43798.86,2,3,3,233,Hibernating
CUST01733,661,3,33444.06,1,1,3,113,Lost
CUST01734,289,8,15456.18,3,3,2,332,Need Attention
CUST01735,1,25,150100.81,5,5,5,555,Champions
CUST01736,480,2,1088.8899999999999,2,1,1,211,Hibernating
CUST01737,17,11,52021.51,4,4,4,444,Champions
CUST01738,8,27,89766.0,5,5,4,554,Champions
CUST01739,38,19,59548.06,4,5,4,454,Champions
CUST01740,269,10,194356.81,3,3,5,335,Loyal Customers
CUST01741,607,4,3420.3900000000003,1,2,1,121,Lost
CUST01742,329,3,93971.42,3,1,4,314,Hibernating
CUST01743,279,6,13906.62,3,2,2,322,Need Attention
CUST01744,1,47,151116.62,5,5,5,555,Champions
CUST01745,10,12,29195.5,5,4,3,543,Loyal Customers
CUST01746,349,15,49376.12,3,4,4,344,Loyal Customers
CUST01747,1,52,254494.16,5,5,5,555,Champions
CUST01748,8,11,60067.18,5,4,4,544,Champions
CUST01749,229,5,67591.38,3,2,4,324,Need Attention
CUST01750,3,21,99455.59,5,5,4,554,Champions
CUST01751,272,4,62241.08,3,2,4,324,Need Attention
CUST01752,96,7,22761.59,4,3,2,432,Need Attention
CUST01753,8,66,524901.41,5,5,5,555,Champions
CUST01754,22,15,43186.39,4,4,3,443,Loyal Customers
CUST01755,435,1,621.01,2,1,1,211,Hibernating
CUST01756,426,1,7037.96,2,1,1,211,Hibernating
CUST01757,451,5,169721.48,2,2,5,225,Hibernating
CUST01758,58,15,97430.43,4,4,4,444,Champions
CUST01759,7,20,102233.54,5,5,4,554,Champions
CUST01760,419,2,1097.56,2,1,1,211,Hibernating
CUST01761,22,12,98584.14,4,4,4,444,Champions
CUST01762,668,1,2641.66,1,1,1,111,Lost
CUST01763,9,28,87473.82,5,5,4,554,Champions
CUST01764,14,14,53194.5,5,4,4,544,Champions
CUST01765,7,21,58071.21,5,5,4,554,Champions
CUST01766,53,7,135218.37,4,3,5,435,Loyal Customers
CUST01767,250,4,5438.360000000001,3,2,1,321,Hibernating
CUST01768,22,6,11343.3,4,2,2,422,New Customers
CUST01769,112,9,55420.42,4,3,4,434,Loyal Customers
CUST01770,115,15,17081.34,4,4,2,442,Need Attention
CUST01771,138,8,34341.39,3,3,3,333,Loyal Customers
CUST01772,438,8,40197.95,2,3,3,233,Hibernating
CUST01773,365,2,1776.6399999999999,2,1,1,211,Hibernating
CUST01774,441,1,3016.11,2,1,1,211,Hibernating
CUST01775,263,8,102006.33,3,3,4,334,Loyal Customers
CUST01776,371,7,85738.90000000001,2,3,4,234,Hibernating
CUST01777,560,4,5128.7,1,2,1,121,Lost
CUST01778,258,11,24977.66,3,4,3,343,Loyal Customers
CUST01779,291,9,167489.52,3,3,5,335,Loyal Customers
CUST01780,510,1,1543.39,1,1,1,111,Lost
CUST01781,8,35,581485.32,5,5,5,555,Champions
CUST01782,421,2,6956.16,2,1,1,211,Hibernating
CUST01783,12,11,78668.68999999999,5,4,4,544,Champions
CUST01784,475,5,10121.369999999999,2,2,2,222,Hibernating
CUST01785,352,4,9927.32,3,2,2,322,Need Attention
CUST01786,463,1,3331.76,2,1,1,211,Hibernating
CUST01787,403,4,4784.26,2,2,1,221,Hibernating
CUST01788,387,4,9833.6,2,2,2,222,Hibernating
CUST01789,5,15,41333.39,5,4,3,543,Loyal Customers
CUST01790,424,4,11466.57,2,2,2,222,Hibernating
CUST01791,21,23,280524.11,4,5,5,455,Champions
CUST01792,445,8,28995.07,2,3,3,233,Hibernating
CUST01793,466,6,17912.97,2,2,2,222,Hibernating
CUST01794,396,5,11360.99,2,2,2,222,Hibernating
CUST01795,5,42,162986.05,5,5,5,555,Champions
CUST01796,19,22,223248.33000000002,4,5,5,455,Champions
CUST01797,383,6,7796.12,2,2,1,221,Hibernating
CUST01798,4,31,195955.21,5,5,5,555,Champions
CUST01799,14,25,138493.98,5,5,5,555,Champions
CUST01800,1,33,159194.15,5,5,5,555,Champions
CUST01801,489,2,2003.2600000000002,1,1,1,111,Lost
CUST01802,439,2,5505.14,2,1,1,211,Hibernating
CUST01803,46,10,138136.65,4,3,5,435,Loyal Customers
CUST01804,19,9,7314.4400000000005,4,3,1,431,Hibernating
CUST01805,45,15,100267.29,4,4,4,444,Champions
CUST01806,242,6,35579.1,3,2,3,323,Need Attention
CUST01807,374,4,4210.57,2,2,1,221,Hibernating
CUST01808,14,27,551767.62,5,5,5,555,Champions
CUST01809,2,20,81089.7,5,5,4,554,Champions
CUST01810,6,19,53670.39,5,5,4,554,Champions
CUST01811,321,5,53417.27,3,2,4,324,Need Attention
CUST01812,220,3,1947.65,3,1,1,311,Hibernating
CUST01813,437,8,75930.83,2,3,4,234,Hibernating
CUST01814,2,48,165897.28,5,5,5,555,Champions
CUST01815,1,22,425674.67999999993,5,5,5,555,Champions
CUST01816,644,3,149860.58000000002,1,1,5,115,Lost
CUST01817,77,9,53766.2,4,3,4,434,Loyal Customers
CUST01818,396,7,17102.87,2,3,2,232,Hibernating
CUST01819,377,5,6745.12,2,2,1,221,Hibernating
CUST01820,103,15,75149.78,4,4,4,444,Champions
CUST01821,169,11,55051.06,3,4,4,344,Loyal Customers
CUST01822,4,19,39658.34,5,5,3,553,Loyal Customers
CUST01823,239,9,40374.600000000006,3,3,3,333,Loyal Customers
CUST01824,205,7,14363.39,3,3,2,332,Need Attention
CUST01825,474,2,3073.12,2,1,1,211,Hibernating
CUST01826,355,7,28557.809999999998,2,3,3,233,Hibernating
CUST01827,2,44,419509.12,5,5,5,555,Champions
CUST01828,466,1,1094.86,2,1,1,211,Hibernating
CUST01829,408,10,16312.89,2,3,2,232,Hibernating
CUST01830,373,5,83900.82,2,2,4,224,Hibernating
CUST01831,426,3,6391.54,2,1,1,211,Hibernating
CUST01832,659,4,6645.240000000001,1,2,1,121,Lost
CUST01833,224,10,22317.23,3,3,2,332,Need Attention
CUST01834,522,7,18946.92,1,3,2,132,Hibernating
CUST01835,527,2,12424.0,1,1,2,112,Lost
CUST01836,410,5,19784.239999999998,2,2,2,222,Hibernating
CUST01837,36,11,28374.26,4,4,3,443,Loyal Customers
CUST01838,6,8,32198.91,5,3,3,533,Loyal Customers
CUST01839,557,2,8784.34,1,1,2,112,Lost
CUST01840,497,6,8984.92,1,2,2,122,Lost
CUST01841,39,14,187863.88999999998,4,4,5,445,Champions
CUST01842,114,13,407609.24,4,4,5,445,Champions
CUST01843,108,12,39620.92,4,4,3,443,Loyal Customers
CUST01844,394,5,24345.31,2,2,3,223,Hibernating
CUST01845,568,3,5047.52,1,1,1,111,Lost
CUST01846,156,7,35479.18,3,3,3,333,Loyal Customers
CUST01847,1,23,75708.95,5,5,4,554,Champions
CUST01848,13,22,199015.88999999998,5,5,5,555,Champions
CUST01849,389,2,6389.17,2,1,1,211,Hibernating
CUST01850,553,7,66168.19,1,3,4,134,Hibernating
CUST01851,187,13,36455.66,3,4,3,343,Loyal Customers
CUST01852,675,2,4929.63,1,1,1,111,Lost
CUST01853,517,1,892.02,1,1,1,111,Lost
CUST01854,614,2,7032.900000000001,1,1,1,111,Lost
CUST01855,545,1,831.61,1,1,1,111,Lost
CUST01856,254,12,35129.21,3,4,3,343,Loyal Customers
CUST01857,477,4,10494.42,2,2,2,222,Hibernating
CUST01858,16,15,36041.3,4,4,3,443,Loyal Customers
CUST01859,670,2,2473.02,1,1,1,111,Lost
CUST01860,377,6,38345.58,2,2,3,223,Hibernating
CUST01861,302,5,34229.58,3,2,3,323,Need Attention
CUST01862,543,5,24901.579999999998,1,2,3,123,Lost
CUST01863,2,21,77104.13,5,5,4,554,Champions
CUST01864,412,4,52764.96,2,2,4,224,Hibernating
CUST01865,532,1,883.67,1,1,1,111,Lost
CUST01866,638,2,6967.469999999999,1,1,1,111,Lost
CUST01867,7,39,147144.13,5,5,5,555,Champions
CUST01868,10,24,130861.2,5,5,5,555,Champions
CUST01869,10,15,61833.56,5,4,4,544,Champions
CUST01870,477,4,12125.4,2,2,2,222,Hibernating
CUST01871,530,3,7179.98,1,1,1,111,Lost
CUST01872,112,19,56746.07,4,5,4,454,Champions
CUST01873,375,2,52775.9,2,1,4,214,Hibernating
CUST01874,648,3,6559.79,1,1,1,111,Lost
CUST01875,346,4,21614.690000000002,3,2,2,322,Need Attention
CUST01876,479,8,22625.699999999997,2,3,2,232,Hibernating
CUST01877,346,8,24766.910000000003,3,3,3,333,Loyal Customers
CUST01878,367,3,3614.29,2,1,1,211,Hibernating
CUST01879,23,17,113496.18,4,4,4,444,Champions
CUST01880,354,4,11315.720000000001,3,2,2,322,Need Attention
CUST01881,523,5,13998.49,1,2,2,122,Lost
CUST01882,691,2,4523.9,1,1,1,111,Lost
CUST01883,387,6,136116.91,2,2,5,225,Hibernating
CUST01884,398,4,13491.400000000001,2,2,2,222,Hibernating
CUST01885,31,25,107936.59,4,5,4,454,Champions
CUST01886,61,11,47305.9,4,4,3,443,Loyal Customers
CUST01887,11,28,195963.54,5,5,5,555,Champions
CUST01888,4,11,304261.55000000005,5,4,5,545,Champions
CUST01889,423,7,10581.33,2,3,2,232,Hibernating
CUST01890,558,4,21077.059999999998,1,2,2,122,Lost
CUST01891,9,12,46423.25,5,4,3,543,Loyal Customers
CUST01892,417,12,26574.03,2,4,3,243,Churned Best Customers
CUST01893,191,1,905.22,3,1,1,311,Hibernating
CUST01894,41,10,128072.19,4,3,5,435,Loyal Customers
CUST01895,623,3,5883.14,1,1,1,111,Lost
CUST01896,421,5,14593.1,2,2,2,222,Hibernating
CUST01897,403,4,28618.11,2,2,3,223,Hibernating
CUST01898,7,15,62232.78,5,4,4,544,Champions
CUST01899,211,12,26673.0,3,4,3,343,Loyal Customers
CUST01900,280,6,34925.1,3,2,3,323,Need Attention
CUST01901,217,3,3380.8199999999997,3,1,1,311,Hibernating
CUST01902,13,33,127612.72,5,5,5,555,Champions
CUST01903,378,6,33970.7,2,2,3,223,Hibernating
CUST01904,18,27,179888.81,4,5,5,455,Champions
CUST01905,450,6,17860.75,2,2,2,222,Hibernating
CUST01906,171,11,50259.8,3,4,4,344,Loyal Customers
CUST01907,519,1,11136.24,1,1,2,112,Lost
CUST01908,301,13,38961.350000000006,3,4,3,343,Loyal Customers
CUST01909,57,10,166278.89,4,3,5,435,Loyal Customers
CUST01910,5,23,68167.72,5,5,4,554,Champions
CUST01911,119,17,146736.44,4,4,5,445,Champions
CUST01912,436,1,2138.08,2,1,1,211,Hibernating
CUST01913,730,3,15646.19,1,1,2,112,Lost
CUST01914,193,7,244973.68,3,3,5,335,Loyal Customers
CUST01915,151,12,262183.79,3,4,5,345,Loyal Customers
CUST01916,580,4,11987.08,1,2,2,122,Lost
CUST01917,574,2,14810.69,1,1,2,112,Lost
CUST01918,186,3,3373.0099999999998,3,1,1,311,Hibernating
CUST01919,7,15,87082.09999999999,5,4,4,544,Champions
CUST01920,47,12,36896.5,4,4,3,443,Loyal Customers
CUST01921,479,3,10964.329999999998,2,1,2,212,Hibernating
CUST01922,6,52,679083.46,5,5,5,555,Champions
CUST01923,396,2,3309.99,2,1,1,211,Hibernating
CUST01924,38,9,36307.659999999996,4,3,3,433,Loyal Customers
CUST01925,366,4,19942.77,2,2,2,222,Hibernating
CUST01926,6,21,120510.3,5,5,5,555,Champions
CUST01927,285,4,16426.52,3,2,2,322,Need Attention
CUST01928,60,12,93812.41,4,4,4,444,Champions
CUST01929,646,5,22363.79,1,2,2,122,Lost
CUST01930,5,30,56172.42,5,5,4,554,Champions
CUST01931,603,3,9570.73,1,1,2,112,Lost
CUST01932,242,2,9721.81,3,1,2,312,Hibernating
CUST01933,239,8,69421.17,3,3,4,334,Loyal Customers
CUST01934,415,9,25759.77,2,3,3,233,Hibernating
CUST01935,382,5,53200.2,2,2,4,224,Hibernating
CUST01936,710,1,4068.45,1,1,1,111,Lost
CUST01937,43,10,72975.18,4,3,4,434,Loyal Customers
CUST01938,377,4,7084.029999999999,2,2,1,221,Hibernating
CUST01939,154,14,47898.04,3,4,3,343,Loyal Customers
CUST01940,10,34,195732.04,5,5,5,555,Champions
CUST01941,16,21,135871.71,4,5,5,455,Champions
CUST01942,239,10,30961.31,3,3,3,333,Loyal Customers
CUST01943,423,7,60617.72,2,3,4,234,Hibernating
CUST01944,380,5,42106.39,2,2,3,223,Hibernating
CUST01945,216,2,2455.24,3,1,1,311,Hibernating
CUST01946,404,7,28881.88,2,3,3,233,Hibernating
CUST01947,77,12,27886.42,4,4,3,443,Loyal Customers
CUST01948,9,22,213400.43,5,5,5,555,Champions
CUST01949,86,17,45887.76,4,4,3,443,Loyal Customers
CUST01950,37,12,38621.63,4,4,3,443,Loyal Customers
CUST01951,11,26,85389.0,5,5,4,554,Champions
CUST01952,43,7,82267.34,4,3,4,434,Loyal Customers
CUST01953,479,3,171703.58000000002,2,1,5,215,Hibernating
CUST01954,325,4,21633.489999999998,3,2,2,322,Need Attention
CUST01955,593,1,2003.13,1,1,1,111,Lost
CUST01956,698,3,3182.45,1,1,1,111,Lost
CUST01957,688,2,209417.97,1,1,5,115,Lost
CUST01958,111,9,33636.83,4,3,3,433,Loyal Customers
CUST01959,243,3,95089.09,3,1,4,314,Hibernating
CUST01960,211,2,2398.79,3,1,1,311,Hibernating
CUST01961,12,17,180159.59,5,4,5,545,Champions
CUST01962,217,9,165840.03,3,3,5,335,Loyal Customers
CUST01963,700,2,3149.58,1,1,1,111,Lost
CUST01964,23,9,59740.520000000004,4,3,4,434,Loyal Customers
CUST01965,603,3,8523.630000000001,1,1,2,112,Lost
CUST01966,376,6,28678.75,2,2,3,223,Hibernating
CUST01967,3,21,169880.45,5,5,5,555,Champions
CUST01968,128,21,92175.16,4,5,4,454,Champions
CUST01969,98,17,45381.17,4,4,3,443,Loyal Customers
CUST01970,6,59,665880.86,5,5,5,555,Champions
CUST01971,14,32,128504.41,5,5,5,555,Champions
CUST01972,641,4,18268.18,1,2,2,122,Lost
CUST01973,355,10,27565.5,2,3,3,233,Hibernating
CUST01974,510,6,25469.6,1,2,3,123,Lost
CUST01975,86,15,172750.8,4,4,5,445,Champions
CUST01976,384,3,13984.75,2,1,2,212,Hibernating
CUST01977,38,9,23712.64,4,3,3,433,Loyal Customers
CUST01978,22,12,32457.32,4,4,3,443,Loyal Customers
CUST01979,591,1,1904.18,1,1,1,111,Lost
CUST01980,615,1,1869.77,1,1,1,111,Lost
CUST01981,8,28,221756.53000000003,5,5,5,555,Champions
CUST01982,575,4,11231.66,1,2,2,122,Lost
CUST01983,21,7,23667.14,4,3,3,433,Loyal Customers
CUST01984,379,10,80963.88,2,3,4,234,Hibernating
CUST01985,17,22,176405.34,4,5,5,455,Champions
CUST01986,4,24,68680.19,5,5,4,554,Champions
CUST01987,223,6,75231.21,3,2,4,324,Need Attention
CUST01988,78,10,71763.87,4,3,4,434,Loyal Customers
CUST01989,193,11,28944.120000000003,3,4,3,343,Loyal Customers
CUST01990,584,4,12357.97,1,2,2,122,Lost
CUST01991,378,4,32311.49,2,2,3,223,Hibernating
CUST01992,13,30,61349.19,5,5,4,554,Champions
CUST01993,262,8,20832.95,3,3,2,332,Need Attention
CUST01994,4,19,385259.82,5,5,5,555,Champions
CUST01995,429,5,24273.7,2,2,3,223,Hibernating
CUST01996,421,6,7450.35,2,2,1,221,Hibernating
CUST01997,511,2,1604.6,1,1,1,111,Lost
CUST01998,3,23,85819.4,5,5,4,554,Champions
CUST01999,18,18,63323.4,4,5,4,454,Champions
CUST02000,22,12,78021.25,4,4,4,444,Champions
CUST02001,81,14,40553.85,4,4,3,443,Loyal Customers
CUST02002,22,8,24068.449999999997,4,3,3,433,Loyal Customers
CUST02003,383,2,5038.78,2,1,1,211,Hibernating
CUST02004,91,11,276957.89999999997,4,4,5,445,Champions
CUST02005,129,14,46005.64,4,4,3,443,Loyal Customers
CUST02006,482,5,78928.32,2,2,4,224,Hibernating
CUST02007,38,13,36714.72,4,4,3,443,Loyal Customers
CUST02008,380,3,4178.73,2,1,1,211,Hibernating
CUST02009,16,26,157447.25999999998,4,5,5,455,Champions
CUST02010,206,6,27874.08,3,2,3,323,Need Attention
CUST02011,4,52,665824.65,5,5,5,555,Champions
CUST02012,3,21,202231.63,5,5,5,555,Champions
CUST02013,493,1,6947.88,1,1,1,111,Lost
CUST02014,14,31,341595.7,5,5,5,555,Champions
CUST02015,444,5,56206.009999999995,2,2,4,224,Hibernating
CUST02016,77,9,33955.08,4,3,3,433,Loyal Customers
CUST02017,76,7,15760.76,4,3,2,432,Need Attention
CUST02018,471,2,3191.44,2,1,1,211,Hibernating
CUST02019,2,50,247904.53,5,5,5,555,Champions
CUST02020,252,6,25291.28,3,2,3,323,Need Attention
CUST02021,558,2,20438.4,1,1,2,112,Lost
CUST02022,435,7,31342.47,2,3,3,233,Hibernating
CUST02023,506,2,9891.1,1,1,2,112,Lost
CUST02024,4,20,74209.7,5,5,4,554,Champions
CUST02025,19,7,16508.86,4,3,2,432,Need Attention
CUST02026,120,7,17787.32,4,3,2,432,Need Attention
CUST02027,422,5,26309.559999999998,2,2,3,223,Hibernating
CUST02028,456,5,7532.0,2,2,1,221,Hibernating
CUST02029,9,13,75567.28,5,4,4,544,Champions
CUST02030,256,5,42305.25000000001,3,2,3,323,Need Attention
CUST02031,4,32,417783.81,5,5,5,555,Champions
CUST02032,538,8,20260.27,1,3,2,132,Hibernating
CUST02033,84,9,15723.079999999998,4,3,2,432,Need Attention
CUST02034,263,3,29381.54,3,1,3,313,Hibernating
CUST02035,529,10,48483.810000000005,1,3,3,133,Hibernating
CUST02036,41,19,70442.08,4,5,4,454,Champions
CUST02037,8,24,150322.72,5,5,5,555,Champions
CUST02038,9,30,207441.43,5,5,5,555,Champions
CUST02039,58,6,27507.949999999997,4,2,3,423,New Customers
CUST02040,216,13,39257.71,3,4,3,343,Loyal Customers
CUST02041,700,1,2811.29,1,1,1,111,Lost
CUST02042,291,4,7626.62,3,2,1,321,Hibernating
CUST02043,432,6,16486.14,2,2,2,222,Hibernating
CUST02044,8,29,212708.93,5,5,5,555,Champions
CUST02045,564,4,8169.9,1,2,2,122,Lost
CUST02046,383,4,11307.03,2,2,2,222,Hibernating
CUST02047,3,35,155664.38,5,5,5,555,Champions
CUST02048,610,10,42229.32,1,3,3,133,Hibernating
CUST02049,323,9,50075.19,3,3,4,334,Loyal Customers
CUST02050,3,26,108952.59,5,5,4,554,Champions
CUST02051,6,14,203551.8,5,4,5,545,Champions
CUST02052,88,10,24616.87,4,3,3,433,Loyal Customers
CUST02053,15,19,81525.87,4,5,4,454,Champions
CUST02054,373,2,10916.19,2,1,2,212,Hibernating
CUST02055,681,3,5080.32,1,1,1,111,Lost
CUST02056,542,5,21229.35,1,2,2,122,Lost
CUST02057,5,9,72384.53,5,3,4,534,Loyal Customers
CUST02058,127,14,104236.11,4,4,4,444,Champions
CUST02059,314,8,112427.02,3,3,4,334,Loyal Customers
CUST02060,509,7,17449.61,1,3,2,132,Hibernating
CUST02061,13,16,35892.590000000004,5,4,3,543,Loyal Customers
CUST02062,416,4,20493.28,2,2,2,222,Hibernating
CUST02063,394,1,794.94,2,1,1,211,Hibernating
CUST02064,155,10,24421.61,3,3,3,333,Loyal Customers
CUST02065,5,23,91176.43,5,5,4,554,Champions
CUST02066,403,11,79280.5,2,4,4,244,At Risk
CUST02067,352,12,73442.40000000001,3,4,4,344,Loyal Customers
CUST02068,123,12,164073.57,4,4,5,445,Champions
CUST02069,1,22,152736.55000000002,5,5,5,555,Champions
CUST02070,44,12,99816.63,4,4,4,444,Champions
CUST02071,267,3,43511.82,3,1,3,313,Hibernating
CUST02072,597,9,351950.1,1,3,5,135,Hibernating
CUST02073,115,14,62837.66,4,4,4,444,Champions
CUST02074,719,5,32557.06,1,2,3,123,Lost
CUST02075,490,2,2892.66,1,1,1,111,Lost
CUST02076,635,1,891.24,1,1,1,111,Lost
CUST02077,162,7,24795.77,3,3,3,333,Loyal Customers
CUST02078,109,13,249297.74000000002,4,4,5,445,Champions
CUST02079,350,1,1915.09,3,1,1,311,Hibernating
CUST02080,342,7,32763.54,3,3,3,333,Loyal Customers
CUST02081,1,37,125011.49,5,5,5,555,Champions
CUST02082,19,19,95514.13,4,5,4,454,Champions
CUST02083,61,11,105747.86000000002,4,4,4,444,Champions
CUST02084,726,1,885.85,1,1,1,111,Lost
CUST02085,245,3,44135.98,3,1,3,313,Hibernating
CUST02086,10,8,119568.99,5,3,5,535,Loyal Customers
CUST02087,3,23,210047.4,5,5,5,555,Champions
CUST02088,429,5,11999.3,2,2,2,222,Hibernating
CUST02089,580,4,7850.45,1,2,1,121,Lost
CUST02090,90,7,27048.440000000002,4,3,3,433,Loyal Customers
CUST02091,188,7,15918.23,3,3,2,332,Need Attention
CUST02092,540,1,1022.13,1,1,1,111,Lost
CUST02093,319,11,51343.69,3,4,4,344,Loyal Customers
CUST02094,400,9,20344.78,2,3,2,232,Hibernating
CUST02095,35,8,100252.09,4,3,4,434,Loyal Customers
CUST02096,336,3,7851.15,3,1,1,311,Hibernating
CUST02097,432,3,7424.3099999999995,2,1,1,211,Hibernating
CUST02098,407,4,23585.449999999997,2,2,3,223,Hibernating
CUST02099,378,6,28492.35,2,2,3,223,Hibernating
CUST02100,47,18,59774.3,4,5,4,454,Champions
CUST02101,395,2,976.9000000000001,2,1,1,211,Hibernating
CUST02102,245,8,17394.14,3,3,2,332,Need Attention
CUST02103,4,30,157164.89,5,5,5,555,Champions
CUST02104,638,5,14843.33,1,2,2,122,Lost
CUST02105,271,7,30532.149999999998,3,3,3,333,Loyal Customers
CUST02106,348,14,62526.19,3,4,4,344,Loyal Customers
CUST02107,725,1,3949.58,1,1,1,111,Lost
CUST02108,676,2,9502.130000000001,1,1,2,112,Lost
CUST02109,54,6,8933.4,4,2,2,422,New Customers
CUST02110,448,1,4112.34,2,1,1,211,Hibernating
CUST02111,1,21,165454.35,5,5,5,555,Champions
CUST02112,73,7,120029.68,4,3,5,435,Loyal Customers
CUST02113,4,28,164234.58,5,5,5,555,Champions
CUST02114,559,2,13743.49,1,1,2,112,Lost
CUST02115,465,2,40427.83,2,1,3,213,Hibernating
CUST02116,3,19,82840.41,5,5,4,554,Champions
CUST02117,186,17,150458.35,3,4,5,345,Loyal Customers
CUST02118,629,3,30728.420000000002,1,1,3,113,Lost
CUST02119,2,25,118872.54000000001,5,5,5,555,Champions
CUST02120,678,1,1877.5,1,1,1,111,Lost
CUST02121,648,3,2146.63,1,1,1,111,Lost
CUST02122,553,5,6160.19,1,2,1,121,Lost
CUST02123,435,1,13377.38,2,1,2,212,Hibernating
CUST02124,249,8,36463.03,3,3,3,333,Loyal Customers
CUST02125,542,1,1125.81,1,1,1,111,Lost
CUST02126,604,3,4968.95,1,1,1,111,Lost
CUST02127,533,9,28598.15,1,3,3,133,Hibernating
CUST02128,3,27,236823.66,5,5,5,555,Champions
CUST02129,539,4,27250.280000000002,1,2,3,123,Lost
CUST02130,93,13,28120.44,4,4,3,443,Loyal Customers
CUST02131,1,29,129053.85,5,5,5,555,Champions
CUST02132,2,39,170756.14,5,5,5,555,Champions
CUST02133,579,4,18812.8,1,2,2,122,Lost
CUST02134,442,7,20191.510000000002,2,3,2,232,Hibernating
CUST02135,254,4,8370.46,3,2,2,322,Need Attention
CUST02136,633,2,8487.14,1,1,2,112,Lost
CUST02137,20,18,114748.04000000001,4,5,4,454,Champions
CUST02138,548,6,19505.73,1,2,2,122,Lost
CUST02139,8,25,70050.73,5,5,4,554,Champions
CUST02140,385,1,5465.89,2,1,1,211,Hibernating
CUST02141,491,2,2864.2999999999997,1,1,1,111,Lost
CUST02142,439,7,49757.12,2,3,4,234,Hibernating
CUST02143,359,5,3768.14,2,2,1,221,Hibernating
CUST02144,37,15,96534.41,4,4,4,444,Champions
CUST02145,274,13,205983.58000000002,3,4,5,345,Loyal Customers
CUST02146,460,1,3699.5,2,1,1,211,Hibernating
CUST02147,111,20,113784.98,4,5,4,454,Champions
CUST02148,96,14,492637.12,4,4,5,445,Champions
CUST02149,16,10,31296.53,4,3,3,433,Loyal Customers
CUST02150,219,1,2253.64,3,1,1,311,Hibernating
CUST02151,267,14,109376.44,3,4,4,344,Loyal Customers
CUST02152,4,24,102399.75,5,5,4,554,Champions
CUST02153,635,6,10285.73,1,2,2,122,Lost
CUST02154,476,2,2260.9,2,1,1,211,Hibernating
CUST02155,10,23,185955.88,5,5,5,555,Champions
CUST02156,75,8,20881.850000000002,4,3,2,432,Need Attention
CUST02157,10,21,70006.78,5,5,4,554,Champions
CUST02158,27,14,137870.99,4,4,5,445,Champions
CUST02159,18,16,37896.3,4,4,3,443,Loyal Customers
CUST02160,255,8,20693.44,3,3,2,332,Need Attention
CUST02161,440,3,1044.41,2,1,1,211,Hibernating
CUST02162,417,6,28471.579999999998,2,2,3,223,Hibernating
CUST02163,258,9,13638.88,3,3,2,332,Need Attention
CUST02164,347,1,4394.24,3,1,1,311,Hibernating
CUST02165,210,10,34247.4,3,3,3,333,Loyal Customers
CUST02166,698,1,174.19,1,1,1,111,Lost
CUST02167,248,4,19239.39,3,2,2,322,Need Attention
CUST02168,16,21,52975.68,4,5,4,454,Champions
CUST02169,469,5,28039.66,2,2,3,223,Hibernating
CUST02170,74,21,84068.27,4,5,4,454,Champions
CUST02171,246,8,94262.59999999999,3,3,4,334,Loyal Customers
CUST02172,1,23,56299.58,5,5,4,554,Champions
CUST02173,3,24,286002.33,5,5,5,555,Champions
CUST02174,482,5,26609.02,2,2,3,223,Hibernating
CUST02175,251,11,57100.45999999999,3,4,4,344,Loyal Customers
CUST02176,712,4,39642.81,1,2,3,123,Lost
CUST02177,310,9,104982.53000000001,3,3,4,334,Loyal Customers
CUST02178,378,8,146428.69,2,3,5,235,Hibernating
CUST02179,498,5,43682.64,1,2,3,123,Lost
CUST02180,258,5,15823.84,3,2,2,322,Need Attention
CUST02181,74,9,11608.16,4,3,2,432,Need Attention
CUST02182,35,11,74614.51,4,4,4,444,Champions
CUST02183,3,46,249689.2,5,5,5,555,Champions
CUST02184,14,10,31927.170000000002,5,3,3,533,Loyal Customers
CUST02185,631,8,14269.839999999998,1,3,2,132,Hibernating
CUST02186,384,2,2420.8100000000004,2,1,1,211,Hibernating
CUST02187,689,3,6162.84,1,1,1,111,Lost
CUST02188,589,5,7876.86,1,2,1,121,Lost
CUST02189,669,2,3310.8099999999995,1,1,1,111,Lost
CUST02190,215,7,28763.530000000002,3,3,3,333,Loyal Customers
CUST02191,189,8,24287.23,3,3,3,333,Loyal Customers
CUST02192,409,2,2280.8199999999997,2,1,1,211,Hibernating
CUST02193,392,5,13628.829999999998,2,2,2,222,Hibernating
CUST02194,600,2,94584.31999999999,1,1,4,114,Lost
CUST02195,4,14,138665.55,5,4,5,545,Champions
CUST02196,59,6,6976.5199999999995,4,2,1,421,New Customers
CUST02197,261,10,204160.47000000003,3,3,5,335,Loyal Customers
CUST02198,553,2,3745.63,1,1,1,111,Lost
CUST02199,562,6,10895.4,1,2,2,122,Lost
CUST02200,58,11,134761.93,4,4,5,445,Champions
CUST02201,442,1,411.44,2,1,1,211,Hibernating
CUST02202,22,16,300267.08,4,4,5,445,Champions
CUST02203,146,11,125244.86,3,4,5,345,Loyal Customers
CUST02204,1,43,313251.63,5,5,5,555,Champions
CUST02205,546,7,87965.57999999999,1,3,4,134,Hibernating
CUST02206,213,1,1702.12,3,1,1,311,Hibernating
CUST02207,109,16,260090.34000000003,4,4,5,445,Champions
CUST02208,495,3,9741.12,1,1,2,112,Lost
CUST02209,164,9,254975.79,3,3,5,335,Loyal Customers
CUST02210,529,3,2773.6500000000005,1,1,1,111,Lost
CUST02211,281,5,16654.77,3,2,2,322,Need Attention
CUST02212,452,1,9358.08,2,1,2,212,Hibernating
CUST02213,6,40,146889.61000000002,5,5,5,555,Champions
CUST02214,668,2,710.44,1,1,1,111,Lost
CUST02215,281,11,15196.539999999999,3,4,2,342,Need Attention
CUST02216,256,9,22671.41,3,3,2,332,Need Attention
CUST02217,230,5,13623.4,3,2,2,322,Need Attention
CUST02218,166,11,36699.409999999996,3,4,3,343,Loyal Customers
CUST02219,602,3,3456.36,1,1,1,111,Lost
CUST02220,29,18,175116.4,4,5,5,455,Champions
CUST02221,312,6,11925.7,3,2,2,322,Need Attention
CUST02222,576,4,311827.81,1,2,5,125,Lost
CUST02223,8,22,372959.33,5,5,5,555,Champions
CUST02224,103,17,60207.92,4,4,4,444,Champions
CUST02225,3,65,523313.52999999997,5,5,5,555,Champions
CUST02226,63,10,32814.05,4,3,3,433,Loyal Customers
CUST02227,107,17,151994.5,4,4,5,445,Champions
CUST02228,553,7,37312.68,1,3,3,133,Hibernating
CUST02229,1,14,49278.06,5,4,4,544,Champions
CUST02230,55,16,289676.01,4,4,5,445,Champions
CUST02231,436,8,35693.729999999996,2,3,3,233,Hibernating
CUST02232,4,40,98362.05,5,5,4,554,Champions
CUST02233,281,2,2347.29,3,1,1,311,Hibernating
CUST02234,525,1,5248.42,1,1,1,111,Lost
CUST02235,434,8,22789.79,2,3,2,232,Hibernating
CUST02236,412,12,20848.41,2,4,2,242,Churned Best Customers
CUST02237,704,2,7228.73,1,1,1,111,Lost
CUST02238,1,27,164712.81,5,5,5,555,Champions
CUST02239,1,20,205614.88,5,5,5,555,Champions
CUST02240,92,10,59895.79,4,3,4,434,Loyal Customers
CUST02241,649,4,23117.43,1,2,3,123,Lost
CUST02242,3,60,334269.5,5,5,5,555,Champions
CUST02243,429,9,19816.600000000002,2,3,2,232,Hibernating
CUST02244,668,4,175308.97,1,2,5,125,Lost
CUST02245,437,1,4438.22,2,1,1,211,Hibernating
CUST02246,213,5,9666.8,3,2,2,322,Need Attention
CUST02247,15,42,141166.38,4,5,5,455,Champions
CUST02248,351,3,136979.07,3,1,5,315,Hibernating
CUST02249,291,6,100291.24,3,2,4,324,Need Attention
CUST02250,5,25,53687.8,5,5,4,554,Champions
CUST02251,7,28,232058.61000000002,5,5,5,555,Champions
CUST02252,407,4,7179.629999999999,2,2,1,221,Hibernating
CUST02253,422,4,4517.09,2,2,1,221,Hibernating
CUST02254,474,2,4458.349999999999,2,1,1,211,Hibernating
CUST02255,625,2,7660.5599999999995,1,1,1,111,Lost
CUST02256,459,5,12005.33,2,2,2,222,Hibernating
CUST02257,523,2,13673.07,1,1,2,112,Lost
CUST02258,16,14,46777.76,4,4,3,443,Loyal Customers
CUST02259,110,18,57664.939999999995,4,5,4,454,Champions
CUST02260,195,16,24849.3,3,4,3,343,Loyal Customers
CUST02261,344,10,45040.97,3,3,3,333,Loyal Customers
CUST02262,564,3,3978.9700000000003,1,1,1,111,Lost
CUST02263,479,2,3975.85,2,1,1,211,Hibernating
CUST02264,131,11,26623.97,4,4,3,443,Loyal Customers
CUST02265,416,5,6371.209999999999,2,2,1,221,Hibernating
CUST02266,229,9,40377.990000000005,3,3,3,333,Loyal Customers
CUST02267,403,5,16206.58,2,2,2,222,Hibernating
CUST02268,396,6,34075.71,2,2,3,223,Hibernating
CUST02269,1,15,66113.77,5,4,4,544,Champions
CUST02270,294,4,5688.33,3,2,1,321,Hibernating
CUST02271,1,26,156560.27,5,5,5,555,Champions
CUST02272,75,8,22235.000000000004,4,3,2,432,Need Attention
CUST02273,4,12,24907.35,5,4,3,543,Loyal Customers
CUST02274,384,8,29021.36,2,3,3,233,Hibernating
CUST02275,363,2,2573.73,2,1,1,211,Hibernating
CUST02276,540,4,5123.4,1,2,1,121,Lost
CUST02277,647,5,14572.88,1,2,2,122,Lost
CUST02278,453,7,21012.25,2,3,2,232,Hibernating
CUST02279,377,5,114369.87,2,2,4,224,Hibernating
CUST02280,11,26,120099.54,5,5,5,555,Champions
CUST02281,179,11,91914.9,3,4,4,344,Loyal Customers
CUST02282,11,8,14775.730000000001,5,3,2,532,Need Attention
CUST02283,193,12,71260.04000000001,3,4,4,344,Loyal Customers
CUST02284,2,43,324693.17,5,5,5,555,Champions
CUST02285,9,24,163192.38,5,5,5,555,Champions
CUST02286,143,13,32110.37,3,4,3,343,Loyal Customers
CUST02287,564,3,3271.45,1,1,1,111,Lost
CUST02288,70,12,39153.06,4,4,3,443,Loyal Customers
CUST02289,48,12,49817.729999999996,4,4,4,444,Champions
CUST02290,4,18,435259.71,5,5,5,555,Champions
CUST02291,516,8,29155.28,1,3,3,133,Hibernating
CUST02292,123,9,17171.34,4,3,2,432,Need Attention
CUST02293,5,18,221287.57,5,5,5,555,Champions
CUST02294,200,2,13993.39,3,1,2,312,Hibernating
CUST02295,15,38,415075.52,4,5,5,455,Champions
CUST02296,4,40,192917.78999999998,5,5,5,555,Champions
CUST02297,61,12,37070.41,4,4,3,443,Loyal Customers
CUST02298,24,44,251411.75,4,5,5,455,Champions
CUST02299,2,21,183090.8,5,5,5,555,Champions
CUST02300,51,15,69132.54,4,4,4,444,Champions
CUST02301,291,1,21589.5,3,1,2,312,Hibernating
CUST02302,478,11,37794.48,2,4,3,243,Churned Best Customers
CUST02303,404,4,10264.27,2,2,2,222,Hibernating
CUST02304,62,15,29527.41,4,4,3,443,Loyal Customers
CUST02305,726,3,5897.75,1,1,1,111,Lost
CUST02306,43,13,30399.6,4,4,3,443,Loyal Customers
CUST02307,9,24,73477.09,5,5,4,554,Champions
CUST02308,522,6,10192.19,1,2,2,122,Lost
CUST02309,5,21,94682.11,5,5,4,554,Champions
CUST02310,287,10,37476.83,3,3,3,333,Loyal Customers
CUST02311,569,3,2681.3999999999996,1,1,1,111,Lost
CUST02312,584,2,1865.78,1,1,1,111,Lost
CUST02313,84,8,10641.27,4,3,2,432,Need Attention
CUST02314,274,7,16561.68,3,3,2,332,Need Attention
CUST02315,664,2,5182.660000000001,1,1,1,111,Lost
CUST02316,10,17,65883.43000000001,5,4,4,544,Champions
CUST02317,214,16,36314.5,3,4,3,343,Loyal Customers
CUST02318,199,13,38915.65,3,4,3,343,Loyal Customers
CUST02319,102,13,35457.3,4,4,3,443,Loyal Customers
CUST02320,280,13,47172.71,3,4,3,343,Loyal Customers
CUST02321,527,2,6994.82,1,1,1,111,Lost
CUST02322,450,2,37445.49,2,1,3,213,Hibernating
CUST02323,371,5,13917.130000000001,2,2,2,222,Hibernating
CUST02324,35,16,78854.34,4,4,4,444,Champions
CUST02325,607,1,1759.37,1,1,1,111,Lost
CUST02326,422,4,4831.97,2,2,1,221,Hibernating
CUST02327,330,4,18258.49,3,2,2,322,Need Attention
CUST02328,2,28,237560.45,5,5,5,555,Champions
CUST02329,391,6,23195.9,2,2,3,223,Hibernating
CUST02330,10,24,129647.79,5,5,5,555,Champions
CUST02331,152,12,72484.92,3,4,4,344,Loyal Customers
CUST02332,1,22,48315.85,5,5,3,553,Loyal Customers
CUST02333,462,5,6863.2,2,2,1,221,Hibernating
CUST02334,649,5,27995.86,1,2,3,123,Lost
CUST02335,2,23,171964.96999999997,5,5,5,555,Champions
CUST02336,108,10,91307.65000000001,4,3,4,434,Loyal Customers
CUST02337,69,16,103756.18,4,4,4,444,Champions
CUST02338,114,7,12376.68,4,3,2,432,Need Attention
CUST02339,1,28,149290.8,5,5,5,555,Champions
CUST02340,157,7,28653.4,3,3,3,333,Loyal Customers
CUST02341,421,9,11803.38,2,3,2,232,Hibernating
CUST02342,8,16,91075.55,5,4,4,544,Champions
CUST02343,1,22,110528.67,5,5,4,554,Champions
CUST02344,4,14,26297.92,5,4,3,543,Loyal Customers
CUST02345,198,1,8248.92,3,1,2,312,Hibernating
CUST02346,435,7,33485.94,2,3,3,233,Hibernating
CUST02347,491,6,40694.05,1,2,3,123,Lost
CUST02348,37,8,11522.95,4,3,2,432,Need Attention
CUST02349,631,2,39284.88,1,1,3,113,Lost
CUST02350,6,56,460319.95,5,5,5,555,Champions
CUST02351,449,5,27995.84,2,2,3,223,Hibernating
CUST02352,721,1,1823.62,1,1,1,111,Lost
CUST02353,220,7,24686.34,3,3,3,333,Loyal Customers
CUST02354,635,2,3482.54,1,1,1,111,Lost
CUST02355,438,7,18781.510000000002,2,3,2,232,Hibernating
CUST02356,19,17,515432.75,4,4,5,445,Champions
CUST02357,604,2,16544.32,1,1,2,112,Lost
CUST02358,3,20,194162.04,5,5,5,555,Champions
CUST02359,446,3,8337.77,2,1,2,212,Hibernating
CUST02360,5,23,133515.29,5,5,5,555,Champions
CUST02361,2,51,177691.66,5,5,5,555,Champions
CUST02362,5,13,117287.17,5,4,4,544,Champions
CUST02363,89,9,19088.65,4,3,2,432,Need Attention
CUST02364,147,12,28152.42,3,4,3,343,Loyal Customers
CUST02365,364,5,15069.86,2,2,2,222,Hibernating
CUST02366,3,60,621872.96,5,5,5,555,Champions
CUST02367,4,23,93006.2,5,5,4,554,Champions
CUST02368,292,4,78325.73000000001,3,2,4,324,Need Attention
CUST02369,25,11,103608.19,4,4,4,444,Champions
CUST02370,458,6,21824.77,2,2,2,222,Hibernating
CUST02371,513,7,15772.49,1,3,2,132,Hibernating
CUST02372,567,5,6463.459999999999,1,2,1,121,Lost
CUST02373,206,4,72148.89,3,2,4,324,Need Attention
CUST02374,101,11,39936.299999999996,4,4,3,443,Loyal Customers
CUST02375,325,4,68057.14,3,2,4,324,Need Attention
CUST02376,27,19,203802.04,4,5,5,455,Champions
CUST02377,30,19,78163.48,4,5,4,454,Champions
CUST02378,537,3,13621.59,1,1,2,112,Lost
CUST02379,260,9,31199.370000000003,3,3,3,333,Loyal Customers
CUST02380,519,3,46468.78999999999,1,1,3,113,Lost
CUST02381,696,2,8461.83,1,1,2,112,Lost
CUST02382,456,4,145279.77,2,2,5,225,Hibernating
CUST02383,722,5,32997.08,1,2,3,123,Lost
CUST02384,15,15,59864.16,4,4,4,444,Champions
CUST02385,260,9,12711.44,3,3,2,332,Need Attention
CUST02386,238,10,19258.77,3,3,2,332,Need Attention
CUST02387,21,10,33010.520000000004,4,3,3,433,Loyal Customers
CUST02388,556,4,4808.47,1,2,1,121,Lost
CUST02389,371,6,44536.880000000005,2,2,3,223,Hibernating
CUST02390,417,6,45812.69,2,2,3,223,Hibernating
CUST02391,61,8,29312.620000000003,4,3,3,433,Loyal Customers
CUST02392,22,24,103085.08,4,5,4,454,Champions
CUST02393,84,12,44000.14,4,4,3,443,Loyal Customers
CUST02394,10,18,169085.59,5,5,5,555,Champions
CUST02395,620,3,4256.93,1,1,1,111,Lost
CUST02396,76,12,22847.14,4,4,2,442,Need Attention
CUST02397,2,27,193160.28,5,5,5,555,Champions
CUST02398,4,51,332842.18,5,5,5,555,Champions
CUST02399,295,2,7793.650000000001,3,1,1,311,Hibernating
CUST02400,400,5,93484.69,2,2,4,224,Hibernating
CUST02401,36,14,67628.68000000001,4,4,4,444,Champions
CUST02402,1,20,80760.3,5,5,4,554,Champions
CUST02403,16,15,43628.28,4,4,3,443,Loyal Customers
CUST02404,64,7,129215.79000000001,4,3,5,435,Loyal Customers
CUST02405,392,4,11436.0,2,2,2,222,Hibernating
CUST02406,212,2,20309.95,3,1,2,312,Hibernating
CUST02407,66,11,25180.87,4,4,3,443,Loyal Customers
CUST02408,150,16,31718.940000000002,3,4,3,343,Loyal Customers
CUST02409,496,2,9215.66,1,1,2,112,Lost
CUST02410,184,13,29826.09,3,4,3,343,Loyal Customers
CUST02411,471,7,9433.77,2,3,2,232,Hibernating
CUST02412,1,21,54837.71,5,5,4,554,Champions
CUST02413,38,6,24836.8,4,2,3,423,New Customers
CUST02414,19,57,336599.94,4,5,5,455,Champions
CUST02415,494,4,23511.83,1,2,3,123,Lost
CUST02416,500,2,14881.380000000001,1,1,2,112,Lost
CUST02417,14,9,55108.1,5,3,4,534,Loyal Customers
CUST02418,5,29,588034.89,5,5,5,555,Champions
CUST02419,3,55,399333.57,5,5,5,555,Champions
CUST02420,24,13,255824.27000000002,4,4,5,445,Champions
CUST02421,4,25,185003.21,5,5,5,555,Champions
CUST02422,8,42,116661.7,5,5,4,554,Champions
CUST02423,478,4,70602.73,2,2,4,224,Hibernating
CUST02424,45,17,50367.36,4,4,4,444,Champions
CUST02425,80,10,137610.57,4,3,5,435,Loyal Customers
CUST02426,341,1,4136.58,3,1,1,311,Hibernating
CUST02427,9,29,138674.47,5,5,5,555,Champions
CUST02428,441,3,1056.26,2,1,1,211,Hibernating
CUST02429,126,8,52233.09,4,3,4,434,Loyal Customers
CUST02430,401,1,1051.24,2,1,1,211,Hibernating
CUST02431,205,8,22070.239999999998,3,3,2,332,Need Attention
CUST02432,476,2,8927.279999999999,2,1,2,212,Hibernating
CUST02433,458,2,6165.77,2,1,1,211,Hibernating
CUST02434,30,6,34491.64,4,2,3,423,New Customers
CUST02435,578,5,9010.73,1,2,2,122,Lost
CUST02436,463,7,58341.899999999994,2,3,4,234,Hibernating
CUST02437,45,14,30877.31,4,4,3,443,Loyal Customers
CUST02438,353,15,205673.03999999998,3,4,5,345,Loyal Customers
CUST02439,562,3,16209.48,1,1,2,112,Lost
CUST02440,3,17,110545.29,5,4,4,544,Champions
CUST02441,196,12,44572.58,3,4,3,343,Loyal Customers
CUST02442,589,3,8402.46,1,1,2,112,Lost
CUST02443,520,5,6573.799999999999,1,2,1,121,Lost
CUST02444,540,2,13392.21,1,1,2,112,Lost
CUST02445,40,11,66975.44,4,4,4,444,Champions
CUST02446,71,11,24536.89,4,4,3,443,Loyal Customers
CUST02447,7,20,60690.880000000005,5,5,4,554,Champions
CUST02448,5,18,295564.33,5,5,5,555,Champions
CUST02449,1,34,227655.77,5,5,5,555,Champions
CUST02450,22,12,42153.58,4,4,3,443,Loyal Customers
CUST02451,148,5,6618.96,3,2,1,321,Hibernating
CUST02452,624,1,1808.31,1,1,1,111,Lost
CUST02453,198,6,12163.44,3,2,2,322,Need Attention
CUST02454,201,17,190019.97,3,4,5,345,Loyal Customers
CUST02455,371,3,22917.64,2,1,2,212,Hibernating
CUST02456,8,37,230043.55000000002,5,5,5,555,Champions
CUST02457,60,8,29753.67,4,3,3,433,Loyal Customers
CUST02458,226,5,25383.4,3,2,3,323,Need Attention
CUST02459,312,14,25959.46,3,4,3,343,Loyal Customers
CUST02460,58,8,16778.05,4,3,2,432,Need Attention
CUST02461,617,2,5044.65,1,1,1,111,Lost
CUST02462,599,1,3592.29,1,1,1,111,Lost
CUST02463,487,5,16961.05,1,2,2,122,Lost
CUST02464,281,6,77733.21,3,2,4,324,Need Attention
CUST02465,427,6,26532.61,2,2,3,223,Hibernating
CUST02466,190,15,46700.5,3,4,3,343,Loyal Customers
CUST02467,60,13,76246.54,4,4,4,444,Champions
CUST02468,3,54,314076.38,5,5,5,555,Champions
CUST02469,21,10,32543.86,4,3,3,433,Loyal Customers
CUST02470,302,7,11576.35,3,3,2,332,Need Attention
CUST02471,2,8,10312.41,5,3,2,532,Need Attention
CUST02472,494,1,2692.06,1,1,1,111,Lost
CUST02473,337,1,1672.81,3,1,1,311,Hibernating
CUST02474,201,6,19974.809999999998,3,2,2,322,Need Attention
CUST02475,650,8,11902.6,1,3,2,132,Hibernating
CUST02476,637,1,4597.08,1,1,1,111,Lost
CUST02477,7,28,80733.39,5,5,4,554,Champions
CUST02478,429,4,6897.969999999999,2,2,1,221,Hibernating
CUST02479,9,24,107978.92,5,5,4,554,Champions
CUST02480,350,9,104081.26,3,3,4,334,Loyal Customers
CUST02481,161,9,140731.43,3,3,5,335,Loyal Customers
CUST02482,661,1,411.38,1,1,1,111,Lost
CUST02483,216,3,43342.47,3,1,3,313,Hibernating
CUST02484,6,29,89070.59,5,5,4,554,Champions
CUST02485,80,14,165177.41999999998,4,4,5,445,Champions
CUST02486,718,2,2898.9100000000003,1,1,1,111,Lost
CUST02487,192,5,12578.390000000001,3,2,2,322,Need Attention
CUST02488,327,1,1225.46,3,1,1,311,Hibernating
CUST02489,526,4,8307.93,1,2,2,122,Lost
CUST02490,350,14,123004.72,3,4,5,345,Loyal Customers
CUST02491,178,16,111208.97000000002,3,4,4,344,Loyal Customers
CUST02492,217,14,125521.03,3,4,5,345,Loyal Customers
CUST02493,567,7,136172.57,1,3,5,135,Hibernating
CUST02494,156,10,28054.59,3,3,3,333,Loyal Customers
CUST02495,597,5,21184.6,1,2,2,122,Lost
CUST02496,28,9,21072.13,4,3,2,432,Need Attention
CUST02497,354,5,25600.58,3,2,3,323,Need Attention
CUST02498,728,2,7371.5599999999995,1,1,1,111,Lost
CUST02499,703,1,13035.19,1,1,2,112,Lost
CUST02500,46,7,60537.310000000005,4,3,4,434,Loyal Customers
